target,feature,generator,n,spearman,mean_feature,mean_target
geometry_score,thin_frac_0.005,spard,510,-0.07128652280399131,0.006261176470588235,5.7790816993464045
geometry_score,thin_frac_0.005,trellis,510,-0.09164583099710359,0.18516950980392158,5.86261862745098
geometry_score,thin_frac_0.005,triposr,510,-0.08791450092138114,0.0033848039215686274,5.221592156862745
geometry_score,thin_frac_0.005,instant-mesh,510,-0.21431233253787216,0.00735578431372549,5.424246732026144
geometry_score,thin_frac_0.005,hunyuan,510,-0.006503303482421579,0.05761656862745098,6.291941176470588
geometry_score,thin_frac_0.005,crm,247,-0.28532616716966075,0.008991902834008098,4.74503036437247
geometry_score,genus_proxy,spard,510,0.041102779935267855,2.041176470588235,5.7790816993464045
geometry_score,genus_proxy,trellis,510,-0.014341503241715015,23.948039215686276,5.86261862745098
geometry_score,genus_proxy,triposr,510,-0.11245001480634145,23.811764705882354,5.221592156862745
geometry_score,genus_proxy,instant-mesh,510,-0.17024585451478588,5.490196078431373,5.424246732026144
geometry_score,genus_proxy,hunyuan,510,0.04436621390459337,36.340196078431376,6.291941176470588
geometry_score,genus_proxy,crm,247,-0.26623060913997926,7.119433198380567,4.74503036437247
geometry_score,self_intersect_face_frac,spard,510,-0.002822494464534508,9.122973543670431e-05,5.7790816993464045
geometry_score,self_intersect_face_frac,trellis,510,-0.07558199757452028,0.009644451110655292,5.86261862745098
geometry_score,self_intersect_face_frac,triposr,510,-0.09534207883329317,0.0015897380358138506,5.221592156862745
geometry_score,self_intersect_face_frac,instant-mesh,510,0.013838199387745775,0.00018141560716664922,5.424246732026144
geometry_score,self_intersect_face_frac,hunyuan,510,0.021763380183593778,0.003478260205329047,6.291941176470588
geometry_score,self_intersect_face_frac,crm,247,-0.22136301887544985,6.518664012150202e-05,4.74503036437247
geometry_score,n_components,spard,510,-0.08502672486173442,2.556862745098039,5.7790816993464045
geometry_score,n_components,trellis,510,-0.044157957468421015,4.078431372549019,5.86261862745098
geometry_score,n_components,triposr,510,-0.09578076467868817,11.37843137254902,5.221592156862745
geometry_score,n_components,instant-mesh,510,0.03186374683459645,27.229411764705883,5.424246732026144
geometry_score,n_components,hunyuan,510,-0.008975217167608534,1.6137254901960785,6.291941176470588
geometry_score,n_components,crm,247,-0.3119285371080856,13.445344129554655,4.74503036437247
geo_detail_score,thin_frac_0.005,spard,510,0.10996658400542195,0.006261176470588235,2.3031372549019604
geo_detail_score,thin_frac_0.005,trellis,510,0.09032484341580233,0.18516950980392158,2.3919617647058824
geo_detail_score,thin_frac_0.005,triposr,510,0.05189308412259638,0.0033848039215686274,2.4225411764705886
geo_detail_score,thin_frac_0.005,instant-mesh,510,0.06223201353593128,0.00735578431372549,2.2252271241830064
geo_detail_score,thin_frac_0.005,hunyuan,510,0.23295648003549174,0.05761656862745098,2.721503267973856
geo_detail_score,thin_frac_0.005,crm,247,-0.02991221705859561,0.008991902834008098,2.299111336032389
geo_detail_score,genus_proxy,spard,510,0.2007219607814927,2.041176470588235,2.3031372549019604
geo_detail_score,genus_proxy,trellis,510,0.2376116348265986,23.948039215686276,2.3919617647058824
geo_detail_score,genus_proxy,triposr,510,0.054622649583533425,23.811764705882354,2.4225411764705886
geo_detail_score,genus_proxy,instant-mesh,510,-0.0035466049881782593,5.490196078431373,2.2252271241830064
geo_detail_score,genus_proxy,hunyuan,510,0.2537641840986277,36.340196078431376,2.721503267973856
geo_detail_score,genus_proxy,crm,247,-0.017307737924149007,7.119433198380567,2.299111336032389
geo_detail_score,self_intersect_face_frac,spard,510,0.05345043571540652,9.122973543670431e-05,2.3031372549019604
geo_detail_score,self_intersect_face_frac,trellis,510,0.1665406551253449,0.009644451110655292,2.3919617647058824
geo_detail_score,self_intersect_face_frac,triposr,510,0.05511327677533739,0.0015897380358138506,2.4225411764705886
geo_detail_score,self_intersect_face_frac,instant-mesh,510,0.11667294056466163,0.00018141560716664922,2.2252271241830064
geo_detail_score,self_intersect_face_frac,hunyuan,510,0.21439987490466964,0.003478260205329047,2.721503267973856
geo_detail_score,self_intersect_face_frac,crm,247,-0.043596885416124755,6.518664012150202e-05,2.299111336032389
geo_detail_score,n_components,spard,510,0.09053089454236365,2.556862745098039,2.3031372549019604
geo_detail_score,n_components,trellis,510,0.08085354323288756,4.078431372549019,2.3919617647058824
geo_detail_score,n_components,triposr,510,0.0479373230439509,11.37843137254902,2.4225411764705886
geo_detail_score,n_components,instant-mesh,510,0.07261681532267363,27.229411764705883,2.2252271241830064
geo_detail_score,n_components,hunyuan,510,-0.02901638118781671,1.6137254901960785,2.721503267973856
geo_detail_score,n_components,crm,247,-0.041313961718574814,13.445344129554655,2.299111336032389
