defect,vlm,rule,MCC_vlm,MCC_rule,dMCC,lo,hi,p_boot,q_BH
q_fused_incomplete,claude_haiku_4_5,AND,0.0,0.0,0.0,0.0,0.0,1.0,1.0
q_fused_incomplete,claude_haiku_4_5,OR,0.0,0.24109364448834592,0.24109364448834592,0.04189672192387952,0.4257132857278861,0.0192,0.17279999999999998
q_fused_incomplete,claude_opus_4_7,AND,0.21700482598854123,0.30121986778450494,0.0842150417959637,-0.12485973786711259,0.2651262253506942,0.3842,0.75024
q_fused_incomplete,claude_opus_4_7,OR,0.21700482598854123,0.23514304681868667,0.018138220830145435,-0.16015703161501763,0.21190326898221218,0.877,0.9522514285714285
q_fused_incomplete,claude_sonnet_4_6,AND,0.12586945164231905,0.2633126786921537,0.13744322704983464,-0.06834700506545784,0.3053353928886189,0.1728,0.5655272727272727
q_fused_incomplete,claude_sonnet_4_6,OR,0.12586945164231905,0.2077650671624727,0.08189561552015365,-0.15355310379584153,0.3159637269574143,0.5104,0.8436521739130436
q_fused_incomplete,gemini_2_5_pro,AND,0.29855240775855724,0.3076976944152481,0.009145286656690843,-0.19936015909432336,0.19853771981859325,0.919,1.0
q_fused_incomplete,gemini_2_5_pro,OR,0.29855240775855724,0.29476120652526044,-0.0037912012332967926,-0.1425222604927756,0.15809986599061895,0.9258,0.9522514285714285
q_fused_incomplete,gemini_3_1_flash_lite,AND,0.30840587224702926,0.4073036059315209,0.09889773368449162,-0.0860026421868519,0.2623137532994002,0.2702,0.64848
q_fused_incomplete,gemini_3_1_flash_lite,OR,0.30840587224702926,0.23372257626066917,-0.07468329598636009,-0.2511784307271187,0.11930843165355542,0.4406,0.8436521739130436
q_fused_incomplete,gemini_3_1_pro,AND,0.4634345940204381,0.44983907074360024,-0.013595523276837829,-0.22236903850028564,0.1819009403012392,0.906,1.0
q_fused_incomplete,gemini_3_1_pro,OR,0.4634345940204381,0.33479532865306244,-0.12863926536737563,-0.19548617736557516,-0.07223073347157898,0.0,0.0
q_fused_incomplete,gpt_4o,AND,0.0450626583231,0.1260021930017828,0.08093953467868281,-0.16378094986089636,0.2723458806945164,0.5136,0.8541818181818182
q_fused_incomplete,gpt_4o,OR,0.0450626583231,0.22622682024127247,0.18116416191817247,-0.06686562315962888,0.41956997891920556,0.1516,0.45480000000000004
q_fused_incomplete,gpt_5_4,AND,0.23966957673883094,0.35799403854615974,0.1183244618073288,-0.05776581190346966,0.2704162423993566,0.167,0.5655272727272727
q_fused_incomplete,gpt_5_4,OR,0.23966957673883094,0.21694025137810524,-0.022729325360725694,-0.24102486238856632,0.20333445025124086,0.8374,0.9522514285714285
q_fused_incomplete,gpt_5_mini,AND,0.1620189822146577,0.2633126786921537,0.101293696477496,0.0,0.21989285301486097,0.0904,0.5112000000000001
q_fused_incomplete,gpt_5_mini,OR,0.1620189822146577,0.2110453326590182,0.04902635044436052,-0.21518848852006187,0.3072074258008762,0.6988,0.9472
q_fused_incomplete,mistral_small_3_1_24b,AND,0.022244781074562153,0.18981947700416782,0.16757469592960567,0.06312981132610801,0.29735131907831763,0.0,0.0
q_fused_incomplete,mistral_small_3_1_24b,OR,0.022244781074562153,0.15477448185083195,0.1325297007762698,-0.08791622658384066,0.35439722197214174,0.2584,0.6644571428571429
q_fused_incomplete,qwen2_5_vl_7b,AND,-0.04498677054212187,0.0,0.04498677054212187,0.0,0.08694008849288351,0.7294,1.0
q_fused_incomplete,qwen2_5_vl_7b,OR,-0.04498677054212187,0.23089698034003495,0.27588375088215683,0.06206890434339687,0.45779797252029014,0.0132,0.1584
q_fused_incomplete,qwen_3_5_397b_a17b,AND,0.10988481229930176,0.18250637236993886,0.0726215600706371,-0.11322056640564351,0.23417165404847315,0.409,0.75024
q_fused_incomplete,qwen_3_5_397b_a17b,OR,0.10988481229930176,0.21615961533065342,0.10627480303135166,-0.09469850236707722,0.3157371967674644,0.3144,0.7074
q_form_surface,claude_haiku_4_5,AND,-0.004833842823047917,0.010170270662472157,0.015004113485520075,-0.10230352096697092,0.151104997674577,0.972,1.0
q_form_surface,claude_haiku_4_5,OR,-0.004833842823047917,0.284387134497553,0.2892209773206009,0.028713725361187915,0.5466430657036272,0.0322,0.1932
q_form_surface,claude_opus_4_7,AND,0.2589063741851847,0.3004769475357711,0.04157057335058639,-0.16320297965652772,0.2552215725755193,0.6736,1.0
q_form_surface,claude_opus_4_7,OR,0.2589063741851847,0.29118838065068314,0.03228200646549845,-0.12327061201218327,0.18505621441661632,0.7104,0.9472
q_form_surface,claude_sonnet_4_6,AND,0.2436981751373431,0.3242691406115487,0.08057096547420561,-0.08754260096432202,0.2549420185555377,0.3496,0.75024
q_form_surface,claude_sonnet_4_6,OR,0.2436981751373431,0.2589063741851847,0.015208199047841597,-0.18278254911300706,0.2064508131751671,0.8858,0.9522514285714285
q_form_surface,gemini_2_5_pro,AND,0.33183570714633587,0.4456809750927398,0.11384526794640393,-0.0759061930376068,0.30580639555246825,0.248,0.64848
q_form_surface,gemini_2_5_pro,OR,0.33183570714633587,0.26006074387997796,-0.0717749632663579,-0.284959567765907,0.12879019406151127,0.4872,0.8436521739130436
q_form_surface,gemini_3_1_flash_lite,AND,0.1479282900547712,0.12523399042144875,-0.02269429963332245,-0.16335872458403172,0.12175713290653783,0.73,1.0
q_form_surface,gemini_3_1_flash_lite,OR,0.1479282900547712,0.358853500273005,0.2109252102182338,-0.01165809634385633,0.4240795793987331,0.0632,0.21207272727272725
q_form_surface,gemini_3_1_pro,AND,0.3620533658635958,0.33203243765828716,-0.03002092820530866,-0.21252680390942394,0.15880989649048438,0.7738,1.0
q_form_surface,gemini_3_1_pro,OR,0.3620533658635958,0.37413943450390885,0.01208606864031303,-0.14652492341136067,0.16885687545184472,0.9116,0.9522514285714285
q_form_surface,gpt_4o,AND,0.08000273435568271,0.08737206774543861,0.0073693333897559,-0.11761876931642967,0.1516904676534586,0.9514,1.0
q_form_surface,gpt_4o,OR,0.08000273435568271,0.3061771584854567,0.22617442412977395,-0.016111533193989055,0.4642405440539911,0.0648,0.21207272727272725
q_form_surface,gpt_5_4,AND,0.38401940308610094,0.38442050845235776,0.00040110536625681537,-0.17928333406625513,0.18559530344660935,0.9904,1.0
q_form_surface,gpt_5_4,OR,0.38401940308610094,0.33235569125072184,-0.0516637118353791,-0.21903677443131617,0.1153112340407113,0.5302,0.8436521739130436
q_form_surface,gpt_5_mini,AND,-0.024644066610336957,0.04350458540743126,0.06814865201776822,-0.0849559802440326,0.2285226684843315,0.3906,0.75024
q_form_surface,gpt_5_mini,OR,-0.024644066610336957,0.25374774349557044,0.2783918101059074,0.037122846455502206,0.5149866986239553,0.0262,0.18864
q_form_surface,mistral_small_3_1_24b,AND,-0.15397769684603976,-0.03233270992707888,0.12164498691896089,-0.041190033608983566,0.29083811220227423,0.1504,0.5655272727272727
q_form_surface,mistral_small_3_1_24b,OR,-0.15397769684603976,0.1953351040179036,0.34931280086394334,0.14410703730005647,0.5508720882058226,0.002,0.036000000000000004
q_form_surface,qwen2_5_vl_7b,AND,0.12989174348310134,0.0,-0.12989174348310134,-0.21398669299842255,0.0,0.2632,0.64848
q_form_surface,qwen2_5_vl_7b,OR,0.12989174348310134,0.3333618269354877,0.20347008345238637,-0.008740006583196515,0.43970072793672027,0.0608,0.21207272727272725
q_form_surface,qwen_3_5_397b_a17b,AND,0.25374774349557044,0.2992660160854851,0.04551827258991464,-0.13495135328466754,0.23378977594525185,0.6202,0.9707478260869565
q_form_surface,qwen_3_5_397b_a17b,OR,0.25374774349557044,0.30453209785201885,0.0507843543564484,-0.1351113438310227,0.2248802853139239,0.6104,0.9156000000000001
q_extra_geometry,claude_haiku_4_5,AND,-0.04742231080640093,0.0,0.04742231080640093,0.016878989451394443,0.07542546827314037,0.0186,0.1674
q_extra_geometry,claude_haiku_4_5,OR,-0.04742231080640093,0.24332431948934205,0.290746630295743,0.0392483731147213,0.4912475221700245,0.0406,0.1962
q_extra_geometry,claude_opus_4_7,AND,0.36037324413206145,0.47391304347826085,0.1135397993461994,-0.2000644190663105,0.36903879659335326,0.4168,0.75024
q_extra_geometry,claude_opus_4_7,OR,0.36037324413206145,0.2946154471234746,-0.06575779700858686,-0.22793181575981053,0.14958116571486993,0.4966,0.8436521739130436
q_extra_geometry,claude_sonnet_4_6,AND,0.1554091678201185,0.38362687289130337,0.22821770507118488,0.02452833293255727,0.43544489650102486,0.0052,0.0936
q_extra_geometry,claude_sonnet_4_6,OR,0.1554091678201185,0.20829954130763823,0.05289037348751974,-0.16258964740122023,0.29334008506616244,0.6944,0.9472
q_extra_geometry,gemini_2_5_pro,AND,0.39344093119017337,0.5965573849089534,0.20311645371878,-0.1780544122204571,0.4901553452608003,0.2282,0.64848
q_extra_geometry,gemini_2_5_pro,OR,0.39344093119017337,0.2946154471234746,-0.09882548406669878,-0.28023214058712076,0.13320724684397445,0.354,0.7496470588235294
q_extra_geometry,gemini_3_1_flash_lite,AND,0.4325925554820793,0.5675639625104965,0.13497140702841715,-0.38362687289130337,0.40383944732586174,0.522,0.8541818181818182
q_extra_geometry,gemini_3_1_flash_lite,OR,0.4325925554820793,0.33475985569496436,-0.09783269978711495,-0.40190802659989444,0.25340269571172513,0.539,0.8436521739130436
q_extra_geometry,gemini_3_1_pro,AND,0.17891066950073595,0.4325925554820793,0.25368188598134334,-0.06688438507804682,0.507634097821138,0.106,0.5112000000000001
q_extra_geometry,gemini_3_1_pro,OR,0.17891066950073595,0.18621594178040546,0.007305272279669511,-0.09663765204212454,0.17080516340638438,0.992,0.992
q_extra_geometry,gpt_4o,AND,0.39965262694272663,0.39965262694272663,0.0,0.0,0.0,1.0,1.0
q_extra_geometry,gpt_4o,OR,0.39965262694272663,0.28713701443102163,-0.112515612511705,-0.4778587820386476,0.4108104746593329,0.8668,0.9522514285714285
q_extra_geometry,gpt_5_4,AND,0.2695280719514513,0.5675639625104965,0.29803589055904517,0.020851441405707476,0.4476658207571025,0.0172,0.1674
q_extra_geometry,gpt_5_4,OR,0.2695280719514513,0.24332431948934205,-0.026203752462109237,-0.31512658221796025,0.2876802141797727,0.8448,0.9522514285714285
q_extra_geometry,gpt_5_mini,AND,0.41249428349935935,0.6980602664478336,0.28556598294847424,-0.1415884833865883,0.5426704396199764,0.1136,0.5112000000000001
q_extra_geometry,gpt_5_mini,OR,0.41249428349935935,0.2946154471234746,-0.11787883637588475,-0.305360517116117,0.11868946471696484,0.2936,0.70464
q_extra_geometry,mistral_small_3_1_24b,AND,0.2254254980353404,0.2985507246376812,0.07312522660234078,0.0,0.20106183351829865,0.0954,0.5112000000000001
q_extra_geometry,mistral_small_3_1_24b,OR,0.2254254980353404,0.25954717162688734,0.03412167359154694,-0.22444426490668412,0.3117824634212551,0.8602,0.9522514285714285
q_extra_geometry,qwen2_5_vl_7b,AND,0.0,0.0,0.0,0.0,0.0,1.0,1.0
q_extra_geometry,qwen2_5_vl_7b,OR,0.0,0.28713701443102163,0.28713701443102163,0.01940124559115268,0.5050348995862458,0.0436,0.1962
q_extra_geometry,qwen_3_5_397b_a17b,AND,0.1356043650600025,0.14384767611274948,0.008243311052746977,-0.27278766982609903,0.2453011587381876,0.8796,1.0
q_extra_geometry,qwen_3_5_397b_a17b,OR,0.1356043650600025,0.28752231587409677,0.15191795081409426,-0.0984277592523281,0.3940722006807712,0.253,0.6644571428571429
