defect,vlm,MCC_vlm,MCC_probe,MCC_OR,MCC_AND,MCC_fusionCV_mean,dMCC_mean,dMCC_p05,dMCC_p95,frac_reps_improved
q_fused_incomplete,claude_haiku_4_5,0.0,0.24109364448834592,0.24109364448834592,0.0,0.10830267713097573,0.10830267713097573,0.03240177050126869,0.182410544228593,1.0
q_fused_incomplete,claude_opus_4_7,0.21700482598854123,0.24109364448834592,0.23514304681868667,0.30121986778450494,0.14183293540183023,-0.07517189058671102,-0.1720062087590344,0.033820168278014845,0.22
q_fused_incomplete,claude_sonnet_4_6,0.12586945164231905,0.24109364448834592,0.2077650671624727,0.2633126786921537,0.1218524260324612,-0.004017025609857856,-0.09825912223636975,0.10277384293984856,0.48
q_fused_incomplete,gemini_2_5_pro,0.29855240775855724,0.24109364448834592,0.29476120652526044,0.3076976944152481,0.25837262647178577,-0.040179781286771445,-0.11503087397919465,0.03758521810847491,0.16
q_fused_incomplete,gemini_3_1_flash_lite,0.30840587224702926,0.24109364448834592,0.23372257626066917,0.4073036059315209,0.26002979459708325,-0.04837607764994601,-0.2048690925759727,0.09889773368449162,0.26
q_fused_incomplete,gemini_3_1_pro,0.4634345940204381,0.24109364448834592,0.33479532865306244,0.44983907074360024,0.4288985975164091,-0.03453599650402898,-0.14591829363119463,0.03800293172961455,0.3
q_fused_incomplete,gpt_4o,0.0450626583231,0.24109364448834592,0.22622682024127247,0.1260021930017828,0.05887023223628011,0.013807573913180113,-0.1057290855632649,0.10231902905190707,0.66
q_fused_incomplete,gpt_5_4,0.23966957673883094,0.24109364448834592,0.21694025137810524,0.35799403854615974,0.15154466075978118,-0.08812491597904977,-0.18503178886150212,0.0706168535872771,0.1
q_fused_incomplete,gpt_5_mini,0.1620189822146577,0.24109364448834592,0.2110453326590182,0.2633126786921537,0.08252964206563661,-0.07948934014902108,-0.1608703596598811,-0.014953632012135924,0.04
q_fused_incomplete,mistral_small_3_1_24b,0.022244781074562153,0.24109364448834592,0.15477448185083195,0.18981947700416782,0.06605789163045822,0.04381311055589606,-0.05623041783195228,0.14992138273218972,0.8
q_fused_incomplete,qwen2_5_vl_7b,-0.04498677054212187,0.24109364448834592,0.23089698034003495,0.0,0.10834591628849256,0.15333268683061443,0.08851118709484809,0.22045308643122521,1.0
q_fused_incomplete,qwen_3_5_397b_a17b,0.10988481229930176,0.24109364448834592,0.21615961533065342,0.18250637236993886,0.06864505946747848,-0.04123975283182329,-0.1532001158568411,0.05130914169266575,0.32
q_form_surface,claude_haiku_4_5,-0.004833842823047917,0.28751140606776887,0.284387134497553,0.010170270662472157,0.21617941728218365,0.22101326010523156,0.12072724720724866,0.31685939349517345,1.0
q_form_surface,claude_opus_4_7,0.2589063741851847,0.28751140606776887,0.29118838065068314,0.3004769475357711,0.27226354261628233,0.013357168431097622,-0.09444811463046174,0.11218948039648226,0.56
q_form_surface,claude_sonnet_4_6,0.2436981751373431,0.28751140606776887,0.2589063741851847,0.3242691406115487,0.28072761810136393,0.03702944296402082,-0.06761741593728082,0.13837570352533468,0.72
q_form_surface,gemini_2_5_pro,0.33183570714633587,0.28751140606776887,0.26006074387997796,0.4456809750927398,0.32508224309680317,-0.006753464049532722,-0.10154444483870431,0.0819870243438351,0.44
q_form_surface,gemini_3_1_flash_lite,0.1479282900547712,0.28751140606776887,0.358853500273005,0.12523399042144875,0.3025021252446477,0.15457383518987652,0.030143321068113665,0.259059997175833,0.96
q_form_surface,gemini_3_1_pro,0.3620533658635958,0.28751140606776887,0.37413943450390885,0.33203243765828716,0.27791443866257814,-0.08413892720101769,-0.18057705213945693,0.003502812408685955,0.06
q_form_surface,gpt_4o,0.08000273435568271,0.28751140606776887,0.3061771584854567,0.08737206774543861,0.23877697786098817,0.15877424350530547,0.0652658511328004,0.25257799663485286,0.98
q_form_surface,gpt_5_4,0.38401940308610094,0.28751140606776887,0.33235569125072184,0.38442050845235776,0.4062962923702555,0.02227688928415457,-0.05072048519571163,0.08674909867916905,0.68
q_form_surface,gpt_5_mini,-0.024644066610336957,0.28751140606776887,0.25374774349557044,0.04350458540743126,0.19603883971819408,0.22068290632853105,0.10371232398711976,0.3207498981717775,1.0
q_form_surface,mistral_small_3_1_24b,-0.15397769684603976,0.28751140606776887,0.1953351040179036,-0.03233270992707888,0.20392606678625316,0.3579037636322929,0.23833637342182318,0.46634621498739465,1.0
q_form_surface,qwen2_5_vl_7b,0.12989174348310134,0.28751140606776887,0.3333618269354877,0.0,0.28324313165055376,0.15335138816745242,0.054151558541845266,0.2666715135156231,1.0
q_form_surface,qwen_3_5_397b_a17b,0.25374774349557044,0.28751140606776887,0.30453209785201885,0.2992660160854851,0.2915432142881496,0.03779547079257916,-0.04683324897259007,0.12771870348138872,0.7
q_extra_geometry,claude_haiku_4_5,-0.04742231080640093,0.28713701443102163,0.24332431948934205,0.0,0.26006817110677327,0.3074904819131742,0.23525103494086017,0.37424580001122343,1.0
q_extra_geometry,claude_opus_4_7,0.36037324413206145,0.28713701443102163,0.2946154471234746,0.47391304347826085,0.3625887424485614,0.0022154983164999185,-0.11473670527536886,0.12906704488586973,0.46
q_extra_geometry,claude_sonnet_4_6,0.1554091678201185,0.28713701443102163,0.20829954130763823,0.38362687289130337,0.11102171757949722,-0.04438745024062127,-0.2239682848392246,0.0235362178375626,0.16
q_extra_geometry,gemini_2_5_pro,0.39344093119017337,0.28713701443102163,0.2946154471234746,0.5965573849089534,0.38117869790310593,-0.012262233287067463,-0.15892046478522448,0.14706053199828825,0.52
q_extra_geometry,gemini_3_1_flash_lite,0.4325925554820793,0.28713701443102163,0.33475985569496436,0.5675639625104965,0.3015747620976056,-0.13101779338447372,-0.2740312096097063,0.09379509446897094,0.2
q_extra_geometry,gemini_3_1_pro,0.17891066950073595,0.28713701443102163,0.18621594178040546,0.4325925554820793,0.27545944257806265,0.09654877307732672,-0.04817389500204063,0.21993216420987313,0.9
q_extra_geometry,gpt_4o,0.39965262694272663,0.28713701443102163,0.28713701443102163,0.39965262694272663,0.1845666055077331,-0.21508602143499353,-0.30328663492874275,-0.12371929113282983,0.0
q_extra_geometry,gpt_5_4,0.2695280719514513,0.28713701443102163,0.24332431948934205,0.5675639625104965,0.0988738170314746,-0.17065425491997668,-0.33458480919497285,-0.0905826862937702,0.0
q_extra_geometry,gpt_5_mini,0.41249428349935935,0.28713701443102163,0.2946154471234746,0.6980602664478336,0.4074765240083874,-0.005017759490971963,-0.18733432190002225,0.18316275551334793,0.48
q_extra_geometry,mistral_small_3_1_24b,0.2254254980353404,0.28713701443102163,0.25954717162688734,0.2985507246376812,0.10536012357879063,-0.12006537445654977,-0.29048223527886197,-0.04648011237765931,0.02
q_extra_geometry,qwen2_5_vl_7b,0.0,0.28713701443102163,0.28713701443102163,0.0,0.25807509417713204,0.25807509417713204,0.19223707690732944,0.33243629591719326,1.0
q_extra_geometry,qwen_3_5_397b_a17b,0.1356043650600025,0.28713701443102163,0.28752231587409677,0.14384767611274948,0.17540407679361059,0.039799711733608086,-0.0701836632827581,0.1590110820634721,0.64
