defect,config,n_feat,AUROC,AUROC_lo,AUROC_hi,MCC,MCC_lo,MCC_hi,silver_oof_auc,threshold
q_fused_incomplete,all,30,0.6946778711484594,0.5724536445012788,0.8132720588235292,0.24109364448834592,0.041277201846936125,0.4264538343423547,0.7043796613860307,0.41620325278393167
q_fused_incomplete,-topology,24,0.7107843137254902,0.5716720779220779,0.8401862540587479,0.16388706641638942,-0.02255989498603731,0.34783536944164517,0.675553922369209,0.4158379617750705
q_fused_incomplete,-boundary_manifold,25,0.7002801120448179,0.5812933833407972,0.8154411764705882,0.22088625083177477,0.02595131417813201,0.40700417178397863,0.7128177908432686,0.405520973361893
q_fused_incomplete,-self_intersection,28,0.7198879551820728,0.6022022334214584,0.8320036026458776,0.25149350648485524,0.05274754012489673,0.4368163302634555,0.7095786379225869,0.43780168013583337
q_fused_incomplete,-hidden,29,0.696078431372549,0.5727599789915966,0.8164276580197297,0.1968680351838437,-0.012557136254697954,0.38723129027345093,0.7092928303119387,0.424756472482007
q_fused_incomplete,-thin,26,0.6932773109243697,0.5730288528228604,0.8106546854942234,0.20748522831562122,0.02174114725141767,0.36695296956953566,0.7071424682889651,0.3504972568930647
q_fused_incomplete,-roughness,24,0.6799719887955182,0.5522815846309953,0.8043149844207346,0.1968680351838437,-0.012557136254697954,0.38723129027345093,0.7086667755457566,0.42033043258915354
q_fused_incomplete,-tri_quality,25,0.6862745098039216,0.5455769185457457,0.8199304794937324,0.24109364448834592,0.030757497838679933,0.42690496232583397,0.707251347378736,0.4428421914670322
q_fused_incomplete,-size,29,0.7394957983193278,0.6280753767024052,0.8463309001136686,0.31842860015806523,0.12663343446016576,0.48184808001551854,0.7036991670749633,0.4040224042270011
q_fused_incomplete,only:topology,6,0.8011204481792717,0.7108283089290841,0.882543037577122,0.3952516831918598,0.29734043409268746,0.4966125616118324,0.7335592574446077,0.340574698354539
q_fused_incomplete,only:boundary_manifold,5,0.5640756302521008,0.5,0.6473214285714285,0.0,0.0,0.0,0.4830897163699711,0.9904044932782033
q_fused_incomplete,only:self_intersection,2,0.6974789915966386,0.556085379107531,0.8267354069355598,0.2534447777050733,0.03774777851305522,0.46110760212759117,0.6372216778267734,0.4736841563031241
q_fused_incomplete,only:hidden,1,0.755252100840336,0.6183388302873597,0.8783015640273705,0.33911319850404203,0.14473297164447452,0.51341500377125,0.6544585987261147,0.4467168047060089
q_fused_incomplete,only:thin,4,0.8088235294117647,0.67937414683364,0.908966768525592,0.30611897778586683,0.10158758591518312,0.48468760608284883,0.6457210517720072,0.4480272240988399
q_fused_incomplete,only:roughness,6,0.7401960784313726,0.6018507115489874,0.8645153743315509,0.1708686383809878,-0.04467467586815247,0.37675838265689776,0.6752817246447819,0.5051523976321547
q_fused_incomplete,only:tri_quality,5,0.6092436974789917,0.4738721283291971,0.7454602991944764,0.2304886114323222,0.16091336037940765,0.3027226221508892,0.5550247699929228,0.44636112295147257
q_fused_incomplete,only:size,1,0.6414565826330533,0.4511337209302326,0.8125,0.012507568304636488,-0.1856920181158001,0.20101609017495972,0.6466601339212804,0.4322196986320905
q_fused_incomplete,rule:genus_proxy,1,0.7626050420168067,0.6157904411764705,0.8979254095031813,0.3083973633314836,0.1265767818574761,0.477893834168519,0.6874557678697806,0.4200813832976847
q_fused_incomplete,rule:self_intersect_face_frac,1,0.6981792717086834,0.558068181818182,0.8281178380443084,0.2534447777050733,0.03774777851305522,0.46110760212759117,0.645809516032446,0.4732670560656304
q_fused_incomplete,rule:hidden_surface_frac,1,0.755252100840336,0.6183388302873597,0.8783015640273705,0.33911319850404203,0.14473297164447452,0.51341500377125,0.6544585987261147,0.4467168047060089
q_form_surface,all,30,0.7101218865924748,0.5885659773586501,0.8173175013248541,0.28751140606776887,0.06939135848327294,0.490259735014695,0.5209478021978022,0.439928484971355
q_form_surface,-topology,24,0.7117117117117117,0.5885563707656237,0.8209423685847516,0.41933175512307763,0.20751634224870452,0.60583171438752,0.5301707221350078,0.45638353687867805
q_form_surface,-boundary_manifold,25,0.7053524112347641,0.58221548754637,0.8135789281928987,0.31870645369334333,0.10813020768750538,0.5202220971019352,0.5260007849293564,0.47027512377010955
q_form_surface,-self_intersection,28,0.6915739268680445,0.5714190323565324,0.7975217013318618,0.0,0.0,0.0,0.5049875719518577,0.9999967157178308
q_form_surface,-hidden,29,0.7101218865924748,0.5898530072406322,0.8181923890063425,0.25835521997551386,0.043826227485582264,0.46209816737605036,0.5218144950287809,0.4321749137859979
q_form_surface,-thin,26,0.6783253842077371,0.5505993731217516,0.7896263910969793,0.2801695300238573,0.06670176292969879,0.47787239195193787,0.51641810570382,0.4145373457465594
q_form_surface,-roughness,24,0.685214626391097,0.5646169578942688,0.7990786107831561,0.24049140662328472,0.03212462831016178,0.43209355213956124,0.5424679487179487,0.4852164705528614
q_form_surface,-tri_quality,25,0.7668256491785904,0.6561902538793295,0.8620276162790697,0.0,0.0,0.0,0.5119374672946101,0.9995147966202329
q_form_surface,-size,29,0.7117117117117118,0.5889657478917301,0.8200121293800537,0.3061771584854567,0.09288694004734133,0.5044564741054063,0.5267366562009419,0.4242986935622777
q_form_surface,only:topology,6,0.769740328563858,0.6626958317777097,0.8708166010360513,0.5715074263607116,0.40603502758276105,0.7331479879864508,0.529279500261643,0.4481247579989228
q_form_surface,only:boundary_manifold,5,0.5325914149443561,0.5,0.5694645316804406,0.0,0.0,0.0,0.4803767660910518,0.9994616574689054
q_form_surface,only:self_intersection,2,0.6822999470058294,0.5757070634118157,0.7767172467458969,0.18927244742294405,0.010170270662472157,0.3229088249573748,0.5378810177917321,0.5747139818083592
q_form_surface,only:hidden,1,0.6968733439321674,0.5825036967707746,0.8114453125,0.2053597898817946,0.004690752816939666,0.38966892206461745,0.5591313448456305,0.4975820762418307
q_form_surface,only:thin,4,0.7291997880233174,0.6258054112986451,0.8271956026033422,0.40188077067150096,0.24436357076269263,0.5402429498149267,0.5481586865515438,0.530329180135933
q_form_surface,only:roughness,6,0.7440381558028616,0.6302029952646601,0.8415482177223663,0.16001730010276993,0.0,0.25039305823388214,0.5402112768184197,0.6098111670256837
q_form_surface,only:tri_quality,5,0.47641759406465284,0.3492965043104409,0.6021608767576508,-0.17903997074697753,-0.2949825851960458,0.0,0.4976942700156986,0.5952565140939801
q_form_surface,only:size,1,0.672760996290408,0.5619431922408914,0.7953511478395607,0.0,0.0,0.0,0.4288412480376766,0.4159902022475539
q_form_surface,rule:thin_frac_0.005,1,0.848966613672496,0.7617546288923498,0.921875,0.3494874257543275,0.17543646155257767,0.49436286039366584,0.5563513867085296,0.4996781487376928
q_form_surface,rule:dihedral_mean_deg,1,0.6910439851616322,0.5832775527901295,0.8002148841873706,0.20905556361748323,0.09787003658578391,0.3011216438273689,0.5390665881737311,0.5722877960019661
q_extra_geometry,all,30,0.7420289855072464,0.4162858050358051,0.937098404579223,0.28713701443102163,0.02442333181245458,0.50842752461414,0.6855225671015145,0.5737425028969122
q_extra_geometry,-topology,24,0.7043478260869566,0.3609770114942528,0.9496314315199763,0.14384767611274948,-0.05660089510980477,0.5013115253622726,0.676225820962663,0.7995315799690983
q_extra_geometry,-boundary_manifold,25,0.7449275362318841,0.40915362885701867,0.949121606419679,0.28713701443102163,0.024523500674557896,0.511500089661649,0.6941070625281152,0.5794667033153433
q_extra_geometry,-self_intersection,28,0.7420289855072463,0.4193081469876086,0.9411764705882353,0.30831961397112817,0.03555063591768752,0.539152284842546,0.6929074823811666,0.6163877293823619
q_extra_geometry,-hidden,29,0.7507246376811594,0.4262880324543611,0.9419181034482758,-0.036420535640756535,-0.06231527532127217,0.0,0.6902084270505323,0.9211561560659387
q_extra_geometry,-thin,26,0.7333333333333334,0.4208664523670368,0.9202898550724637,0.28713701443102163,0.02442333181245458,0.50842752461414,0.6960938671464987,0.5996222739944911
q_extra_geometry,-roughness,24,0.7536231884057971,0.4723945279866333,0.9414930034982508,0.2974053891466053,0.03219752460978716,0.521749194749951,0.6936197330934173,0.6284778512680074
q_extra_geometry,-tri_quality,25,0.7623188405797102,0.4186637931034483,0.9413730164784864,0.30831961397112817,0.03268602252303067,0.5354297719314345,0.6605563052931475,0.6247548380223793
q_extra_geometry,-size,29,0.7391304347826086,0.4174851190476191,0.9401709401709402,0.28713701443102163,0.02395110717682465,0.50842752461414,0.6866846603688709,0.5491576700188093
q_extra_geometry,only:topology,6,0.7855072463768116,0.6051495943204869,0.9327731092436975,0.18843366572035794,-0.0715968254012498,0.4166932617263483,0.6899460188933872,0.5381326396751297
q_extra_geometry,only:boundary_manifold,5,0.5731884057971015,0.4824561403508772,0.7710252192982456,0.0,0.0,0.0,0.4877980206927575,0.0020022713546207532
q_extra_geometry,only:self_intersection,2,0.627536231884058,0.41767488851727985,0.8238098870918521,-0.013631618402800432,-0.13114949909639223,0.185353366152065,0.6062378167641326,0.4928110423234184
q_extra_geometry,only:hidden,1,0.6536231884057971,0.4231517012511443,0.8572877846790891,0.13039532923885047,-0.06739572160887429,0.2952845787645206,0.6613435297645824,0.4463247897727167
q_extra_geometry,only:thin,4,0.6,0.3791739723358659,0.7810344827586206,0.052287235981915293,-0.14037265829599552,0.2324608826889322,0.6408382066276803,0.49430571735506024
q_extra_geometry,only:roughness,6,0.6927536231884057,0.34452586206896557,0.9073197700132685,0.13930803775750375,-0.061957981971236954,0.31126131553125136,0.6455990403358824,0.4663735498950731
q_extra_geometry,only:tri_quality,5,0.6782608695652174,0.4155603448275862,0.8863380809595202,0.04448845025470438,-0.1407707105201107,0.19551857514700036,0.6599565152196731,0.4301743535006524
q_extra_geometry,only:size,1,0.5521739130434783,0.32444373401534526,0.724571549955111,0.13205912890281402,-0.026153360315795383,0.25449058611700126,0.5083033438296596,0.5025555253388745
q_extra_geometry,rule:n_small_components,1,0.7695652173913042,0.5360844577711145,0.9606421121251629,0.31996339211192504,0.0463616653964604,0.5522303441301962,0.5705315639526166,0.545772830656281
q_extra_geometry,rule:small_component_area_frac,1,0.7478260869565215,0.5306011742682096,0.9327731092436975,0.20796265495795516,-0.06231527532127217,0.5119519780672094,0.5895748987854251,0.6355775512183476
