defect,rep,n_splits,AUROC_expert,AUROC_silver,MCC_expert,MCC_silver
q_fused_incomplete,0,5,0.7521008403361344,0.6946778711484594,0.2938732169898929,0.24109364448834592
q_fused_incomplete,1,5,0.8081232492997199,0.6946778711484594,0.20527263515114907,0.24109364448834592
q_fused_incomplete,2,5,0.7619047619047619,0.6946778711484594,0.3928708311376098,0.24109364448834592
q_fused_incomplete,3,5,0.6449579831932772,0.6946778711484594,0.16719464485074134,0.24109364448834592
q_fused_incomplete,4,5,0.676470588235294,0.6946778711484594,0.22278940101534597,0.24109364448834592
q_fused_incomplete,5,5,0.7703081232492998,0.6946778711484594,0.23966957673883094,0.24109364448834592
q_fused_incomplete,6,5,0.7058823529411764,0.6946778711484594,0.2938732169898929,0.24109364448834592
q_fused_incomplete,7,5,0.6078431372549019,0.6946778711484594,0.1620189822146577,0.24109364448834592
q_fused_incomplete,8,5,0.7408963585434174,0.6946778711484594,0.22278940101534597,0.24109364448834592
q_fused_incomplete,9,5,0.7689075630252101,0.6946778711484594,0.18981947700416782,0.24109364448834592
q_fused_incomplete,10,5,0.7633053221288515,0.6946778711484594,0.3523970968802045,0.24109364448834592
q_fused_incomplete,11,5,0.7170868347338936,0.6946778711484594,0.2790358927974302,0.24109364448834592
q_fused_incomplete,12,5,0.7927170868347339,0.6946778711484594,0.22228757209048453,0.24109364448834592
q_fused_incomplete,13,5,0.5056022408963585,0.6946778711484594,0.06403145404890663,0.24109364448834592
q_fused_incomplete,14,5,0.7892156862745098,0.6946778711484594,0.2745395832950063,0.24109364448834592
q_fused_incomplete,15,5,0.7093837535014006,0.6946778711484594,0.22219855182025816,0.24109364448834592
q_fused_incomplete,16,5,0.6351540616246498,0.6946778711484594,0.2633126786921537,0.24109364448834592
q_fused_incomplete,17,5,0.7780112044817927,0.6946778711484594,0.29401386383797734,0.24109364448834592
q_fused_incomplete,18,5,0.7878151260504201,0.6946778711484594,0.11084049801758507,0.24109364448834592
q_fused_incomplete,19,5,0.754201680672269,0.6946778711484594,0.20527263515114907,0.24109364448834592
q_fused_incomplete,20,5,0.7352941176470588,0.6946778711484594,0.32371542305573875,0.24109364448834592
q_fused_incomplete,21,5,0.792016806722689,0.6946778711484594,0.3347383040131069,0.24109364448834592
q_fused_incomplete,22,5,0.7366946778711484,0.6946778711484594,0.3889222341312986,0.24109364448834592
q_fused_incomplete,23,5,0.7549019607843137,0.6946778711484594,0.1379469132339796,0.24109364448834592
q_fused_incomplete,24,5,0.6904761904761904,0.6946778711484594,0.38024118374875165,0.24109364448834592
q_fused_incomplete,25,5,0.8011204481792716,0.6946778711484594,0.3121445086269205,0.24109364448834592
q_fused_incomplete,26,5,0.7661064425770308,0.6946778711484594,0.16076096427632555,0.24109364448834592
q_fused_incomplete,27,5,0.7324929971988796,0.6946778711484594,0.3523970968802045,0.24109364448834592
q_fused_incomplete,28,5,0.7640056022408963,0.6946778711484594,0.30121986778450494,0.24109364448834592
q_fused_incomplete,29,5,0.6897759103641457,0.6946778711484594,0.2633126786921537,0.24109364448834592
q_fused_incomplete,30,5,0.6176470588235295,0.6946778711484594,0.1620189822146577,0.24109364448834592
q_fused_incomplete,31,5,0.5714285714285715,0.6946778711484594,0.23083116814485918,0.24109364448834592
q_fused_incomplete,32,5,0.7829131652661063,0.6946778711484594,0.2437343645832759,0.24109364448834592
q_fused_incomplete,33,5,0.6701680672268908,0.6946778711484594,0.11667205331240524,0.24109364448834592
q_fused_incomplete,34,5,0.6988795518207283,0.6946778711484594,0.11084049801758507,0.24109364448834592
q_fused_incomplete,35,5,0.7584033613445379,0.6946778711484594,0.14317723585601144,0.24109364448834592
q_fused_incomplete,36,5,0.700280112044818,0.6946778711484594,0.3347383040131069,0.24109364448834592
q_fused_incomplete,37,5,0.7787114845938377,0.6946778711484594,0.2437343645832759,0.24109364448834592
q_fused_incomplete,38,5,0.7682072829131653,0.6946778711484594,0.26000651038040873,0.24109364448834592
q_fused_incomplete,39,5,0.6785714285714286,0.6946778711484594,0.23304467203899243,0.24109364448834592
q_fused_incomplete,40,5,0.6687675070028011,0.6946778711484594,0.20527263515114907,0.24109364448834592
q_fused_incomplete,41,5,0.6799719887955182,0.6946778711484594,0.2790358927974302,0.24109364448834592
q_fused_incomplete,42,5,0.7850140056022409,0.6946778711484594,0.32551898525739836,0.24109364448834592
q_fused_incomplete,43,5,0.7065826330532213,0.6946778711484594,0.26000651038040873,0.24109364448834592
q_fused_incomplete,44,5,0.626750700280112,0.6946778711484594,0.22278940101534597,0.24109364448834592
q_fused_incomplete,45,5,0.7282913165266107,0.6946778711484594,0.22219855182025816,0.24109364448834592
q_fused_incomplete,46,5,0.7906162464985994,0.6946778711484594,0.23083116814485918,0.24109364448834592
q_fused_incomplete,47,5,0.6099439775910365,0.6946778711484594,0.18981947700416782,0.24109364448834592
q_fused_incomplete,48,5,0.6519607843137255,0.6946778711484594,0.23083116814485918,0.24109364448834592
q_fused_incomplete,49,5,0.7205882352941176,0.6946778711484594,0.23083116814485918,0.24109364448834592
q_form_surface,0,5,0.7170111287758346,0.7101218865924748,0.2726536327984103,0.28751140606776887
q_form_surface,1,5,0.685214626391097,0.7101218865924748,0.34975293385042805,0.28751140606776887
q_form_surface,2,5,0.7435082140964493,0.7101218865924748,0.2964777466954458,0.28751140606776887
q_form_surface,3,5,0.7233704292527822,0.7101218865924748,0.2879025669226839,0.28751140606776887
q_form_surface,4,5,0.7562268150503444,0.7101218865924748,0.28731274242604815,0.28751140606776887
q_form_surface,5,5,0.7525172231054584,0.7101218865924748,0.4263475171368707,0.28751140606776887
q_form_surface,6,5,0.7366189719130896,0.7101218865924748,0.20379553813701157,0.28751140606776887
q_form_surface,7,5,0.7170111287758347,0.7101218865924748,0.23956770818382747,0.28751140606776887
q_form_surface,8,5,0.7366189719130896,0.7101218865924748,0.3809554140315749,0.28751140606776887
q_form_surface,9,5,0.706942236354001,0.7101218865924748,0.32603303883571905,0.28751140606776887
q_form_surface,10,5,0.6952835188129306,0.7101218865924748,0.16864223940280545,0.28751140606776887
q_form_surface,11,5,0.7011128775834659,0.7101218865924748,0.2313190286447204,0.28751140606776887
q_form_surface,12,5,0.7562268150503444,0.7101218865924748,0.305776364599894,0.28751140606776887
q_form_surface,13,5,0.6862745098039215,0.7101218865924748,0.34530694163709813,0.28751140606776887
q_form_surface,14,5,0.7233704292527822,0.7101218865924748,0.31522066866293086,0.28751140606776887
q_form_surface,15,5,0.7408585055643879,0.7101218865924748,0.2501366424162287,0.28751140606776887
q_form_surface,16,5,0.7122416534181241,0.7101218865924748,0.3158854147204264,0.28751140606776887
q_form_surface,17,5,0.7281399046104928,0.7101218865924748,0.2964777466954458,0.28751140606776887
q_form_surface,18,5,0.7069422363540011,0.7101218865924748,0.4220139130427161,0.28751140606776887
q_form_surface,19,5,0.7233704292527823,0.7101218865924748,0.22181463131806592,0.28751140606776887
q_form_surface,20,5,0.7260201377848436,0.7101218865924748,0.2591414944356121,0.28751140606776887
q_form_surface,21,5,0.7472178060413355,0.7101218865924748,0.3211902921504992,0.28751140606776887
q_form_surface,22,5,0.7594064652888182,0.7101218865924748,0.26102751244458755,0.28751140606776887
q_form_surface,23,5,0.7042925278219395,0.7101218865924748,0.2596155046551594,0.28751140606776887
q_form_surface,24,5,0.7239003709591945,0.7101218865924748,0.305776364599894,0.28751140606776887
q_form_surface,25,5,0.7461579226285109,0.7101218865924748,0.3629208064216066,0.28751140606776887
q_form_surface,26,5,0.7594064652888183,0.7101218865924748,0.3614530334001607,0.28751140606776887
q_form_surface,27,5,0.7440381558028616,0.7101218865924748,0.4099561981227869,0.28751140606776887
q_form_surface,28,5,0.7127715951245363,0.7101218865924748,0.21317246849641316,0.28751140606776887
q_form_surface,29,5,0.7652358240593535,0.7101218865924748,0.3529964886878599,0.28751140606776887
q_form_surface,30,5,0.7371489136195017,0.7101218865924748,0.3529964886878599,0.28751140606776887
q_form_surface,31,5,0.7503974562798092,0.7101218865924748,0.29763738224564684,0.28751140606776887
q_form_surface,32,5,0.735559088500265,0.7101218865924748,0.30690792636659625,0.28751140606776887
q_form_surface,33,5,0.7021727609962904,0.7101218865924748,0.2313190286447204,0.28751140606776887
q_form_surface,34,5,0.7774244833068362,0.7101218865924748,0.39219366252585236,0.28751140606776887
q_form_surface,35,5,0.7694753577106518,0.7101218865924748,0.2964777466954458,0.28751140606776887
q_form_surface,36,5,0.6942236354001059,0.7101218865924748,0.28731274242604815,0.28751140606776887
q_form_surface,37,5,0.7085320614732379,0.7101218865924748,0.1842595958355521,0.28751140606776887
q_form_surface,38,5,0.7101218865924748,0.7101218865924748,0.305776364599894,0.28751140606776887
q_form_surface,39,5,0.7180710121886592,0.7101218865924748,0.3581738674101878,0.28751140606776887
q_form_surface,40,5,0.6968733439321674,0.7101218865924748,0.2501366424162287,0.28751140606776887
q_form_surface,41,5,0.7085320614732379,0.7101218865924748,0.32603303883571905,0.28751140606776887
q_form_surface,42,5,0.7482776894541601,0.7101218865924748,0.378264802395517,0.28751140606776887
q_form_surface,43,5,0.7382087970323264,0.7101218865924748,0.42777674983433833,0.28751140606776887
q_form_surface,44,5,0.7758346581875993,0.7101218865924748,0.40432218414825005,0.28751140606776887
q_form_surface,45,5,0.7408585055643879,0.7101218865924748,0.194412474579158,0.28751140606776887
q_form_surface,46,5,0.7535771065182829,0.7101218865924748,0.26885002301924615,0.28751140606776887
q_form_surface,47,5,0.7133015368309485,0.7101218865924748,0.4181386806255851,0.28751140606776887
q_form_surface,48,5,0.7016428192898782,0.7101218865924748,0.30888255639276196,0.28751140606776887
q_form_surface,49,5,0.7323794382617912,0.7101218865924748,0.16693329609672525,0.28751140606776887
q_extra_geometry,0,5,0.5202898550724637,0.7420289855072464,0.043687818203134124,0.28713701443102163
q_extra_geometry,1,5,0.3956521739130435,0.7420289855072464,0.024683445427832115,0.28713701443102163
q_extra_geometry,2,5,0.49565217391304345,0.7420289855072464,0.12675420040308033,0.28713701443102163
q_extra_geometry,3,5,0.4478260869565217,0.7420289855072464,0.05011773722414685,0.28713701443102163
q_extra_geometry,4,5,0.5028985507246377,0.7420289855072464,0.11847463737474441,0.28713701443102163
q_extra_geometry,5,5,0.48260869565217396,0.7420289855072464,-0.0422341511439967,0.28713701443102163
q_extra_geometry,6,5,0.517391304347826,0.7420289855072464,0.060192926542884606,0.28713701443102163
q_extra_geometry,7,5,0.444927536231884,0.7420289855072464,0.03566772967596545,0.28713701443102163
q_extra_geometry,8,5,0.5043478260869565,0.7420289855072464,0.16662330663520922,0.28713701443102163
q_extra_geometry,9,5,0.5202898550724637,0.7420289855072464,0.0604532470780974,0.28713701443102163
q_extra_geometry,10,5,0.527536231884058,0.7420289855072464,-0.022535532865807582,0.28713701443102163
q_extra_geometry,11,5,0.4797101449275362,0.7420289855072464,-0.039062354012937985,0.28713701443102163
q_extra_geometry,12,5,0.49130434782608695,0.7420289855072464,0.1789453856576811,0.28713701443102163
q_extra_geometry,13,5,0.47826086956521735,0.7420289855072464,0.09243024400277608,0.28713701443102163
q_extra_geometry,14,5,0.4942028985507247,0.7420289855072464,0.04036095000601165,0.28713701443102163
q_extra_geometry,15,5,0.4869565217391304,0.7420289855072464,-0.04298789137048412,0.28713701443102163
q_extra_geometry,16,5,0.5028985507246377,0.7420289855072464,0.023219925523973034,0.28713701443102163
q_extra_geometry,17,5,0.4826086956521739,0.7420289855072464,0.04036095000601165,0.28713701443102163
q_extra_geometry,18,5,0.4797101449275362,0.7420289855072464,0.09243024400277608,0.28713701443102163
q_extra_geometry,19,5,0.5289855072463767,0.7420289855072464,0.05157837586603749,0.28713701443102163
q_extra_geometry,20,5,0.5217391304347826,0.7420289855072464,0.16662330663520922,0.28713701443102163
q_extra_geometry,21,5,0.4739130434782608,0.7420289855072464,0.04036095000601165,0.28713701443102163
q_extra_geometry,22,5,0.4623188405797101,0.7420289855072464,0.09243024400277608,0.28713701443102163
q_extra_geometry,23,5,0.527536231884058,0.7420289855072464,0.2456365388566926,0.28713701443102163
q_extra_geometry,24,5,0.4782608695652174,0.7420289855072464,0.05011773722414685,0.28713701443102163
q_extra_geometry,25,5,0.5173913043478261,0.7420289855072464,0.060192926542884606,0.28713701443102163
q_extra_geometry,26,5,0.49420289855072463,0.7420289855072464,0.1554091678201185,0.28713701443102163
q_extra_geometry,27,5,0.4681159420289855,0.7420289855072464,0.03639328613509104,0.28713701443102163
q_extra_geometry,28,5,0.48985507246376814,0.7420289855072464,0.09243024400277608,0.28713701443102163
q_extra_geometry,29,5,0.5144927536231885,0.7420289855072464,0.06970176896942454,0.28713701443102163
q_extra_geometry,30,5,0.5014492753623188,0.7420289855072464,0.017202355768989475,0.28713701443102163
q_extra_geometry,31,5,0.4739130434782609,0.7420289855072464,0.05520605126973361,0.28713701443102163
q_extra_geometry,32,5,0.5159420289855072,0.7420289855072464,-0.030982289127524917,0.28713701443102163
q_extra_geometry,33,5,0.5623188405797102,0.7420289855072464,0.023219925523973034,0.28713701443102163
q_extra_geometry,34,5,0.5231884057971015,0.7420289855072464,0.2254254980353404,0.28713701443102163
q_extra_geometry,35,5,0.5072463768115942,0.7420289855072464,0.16662330663520922,0.28713701443102163
q_extra_geometry,36,5,0.5159420289855072,0.7420289855072464,0.14384767611274948,0.28713701443102163
q_extra_geometry,37,5,0.4956521739130435,0.7420289855072464,0.1789453856576811,0.28713701443102163
q_extra_geometry,38,5,0.47681159420289854,0.7420289855072464,0.10116541702937841,0.28713701443102163
q_extra_geometry,39,5,0.5478260869565217,0.7420289855072464,0.04036095000601165,0.28713701443102163
q_extra_geometry,40,5,0.5072463768115942,0.7420289855072464,0.14384767611274948,0.28713701443102163
q_extra_geometry,41,5,0.4797101449275362,0.7420289855072464,0.060192926542884606,0.28713701443102163
q_extra_geometry,42,5,0.6376811594202898,0.7420289855072464,0.16662330663520922,0.28713701443102163
q_extra_geometry,43,5,0.5405797101449276,0.7420289855072464,0.20796265495795516,0.28713701443102163
q_extra_geometry,44,5,0.5014492753623188,0.7420289855072464,0.20796265495795516,0.28713701443102163
q_extra_geometry,45,5,0.4811594202898551,0.7420289855072464,0.09243024400277608,0.28713701443102163
q_extra_geometry,46,5,0.4898550724637681,0.7420289855072464,0.013657303015323356,0.28713701443102163
q_extra_geometry,47,5,0.5159420289855072,0.7420289855072464,0.08033781047004153,0.28713701443102163
q_extra_geometry,48,5,0.41304347826086957,0.7420289855072464,0.12198363549180184,0.28713701443102163
q_extra_geometry,49,5,0.6594202898550723,0.7420289855072464,0.05520605126973361,0.28713701443102163
