check,defect,severity,n,is_target,AUROC,AUROC_lo,AUROC_hi,paired_increase_rate,median_clean,median_injected,sens_strict,spec_strict,sens_strict_lo,sens_strict_hi,spec_strict_lo,spec_strict_hi,tau_strict,sens_calib,spec_calib,sens_calib_lo,sens_calib_hi,spec_calib_lo,spec_calib_hi,tau_calib
boundary_edge_frac,crossing_sheet,1,120,False,1.0,1.0,1.0,1.0,0.0,0.00159172461548985,1.0,1.0,1.0,1.0,1.0,1.0,0.0,1.0,1.0,1.0,1.0,1.0,1.0,0.0
boundary_edge_frac,crossing_sheet,2,120,False,1.0,1.0,1.0,1.0,0.0,0.0034472505180545,1.0,1.0,1.0,1.0,1.0,1.0,0.0,1.0,1.0,1.0,1.0,1.0,1.0,0.0
boundary_edge_frac,crossing_sheet,3,120,False,1.0,1.0,1.0,1.0,0.0,0.0057245493300006,1.0,1.0,1.0,1.0,1.0,1.0,0.0,1.0,1.0,1.0,1.0,1.0,1.0,0.0
boundary_edge_frac,floaters,1,120,False,0.5,0.5,0.5,0.0,0.0,0.0,0.0,1.0,0.0,0.0,1.0,1.0,0.0,0.0,1.0,0.0,0.0,1.0,1.0,0.0
boundary_edge_frac,floaters,2,120,False,0.5,0.5,0.5,0.0,0.0,0.0,0.0,1.0,0.0,0.0,1.0,1.0,0.0,0.0,1.0,0.0,0.0,1.0,1.0,0.0
boundary_edge_frac,floaters,3,120,False,0.5,0.5,0.5,0.0,0.0,0.0,0.0,1.0,0.0,0.0,1.0,1.0,0.0,0.0,1.0,0.0,0.0,1.0,1.0,0.0
boundary_edge_frac,hidden_shell,1,120,False,0.5,0.5,0.5,0.0,0.0,0.0,0.0,1.0,0.0,0.0,1.0,1.0,0.0,0.0,1.0,0.0,0.0,1.0,1.0,0.0
boundary_edge_frac,hidden_shell,2,120,False,0.5,0.5,0.5,0.0,0.0,0.0,0.0,1.0,0.0,0.0,1.0,1.0,0.0,0.0,1.0,0.0,0.0,1.0,1.0,0.0
boundary_edge_frac,hidden_shell,3,120,False,0.5,0.5,0.5,0.0,0.0,0.0,0.0,1.0,0.0,0.0,1.0,1.0,0.0,0.0,1.0,0.0,0.0,1.0,1.0,0.0
boundary_edge_frac,holes,1,120,True,1.0,1.0,1.0,1.0,0.0,0.00199862357229755,1.0,1.0,1.0,1.0,1.0,1.0,0.0,1.0,1.0,1.0,1.0,1.0,1.0,0.0
boundary_edge_frac,holes,2,120,True,1.0,1.0,1.0,1.0,0.0,0.004374748581735401,1.0,1.0,1.0,1.0,1.0,1.0,0.0,1.0,1.0,1.0,1.0,1.0,1.0,0.0
boundary_edge_frac,holes,3,120,True,1.0,1.0,1.0,1.0,0.0,0.0091065786844353,1.0,1.0,1.0,1.0,1.0,1.0,0.0,1.0,1.0,1.0,1.0,1.0,1.0,0.0
boundary_edge_frac,interpenetrating,1,120,False,0.5,0.5,0.5,0.0,0.0,0.0,0.0,1.0,0.0,0.0,1.0,1.0,0.0,0.0,1.0,0.0,0.0,1.0,1.0,0.0
boundary_edge_frac,interpenetrating,2,120,False,0.5,0.5,0.5,0.0,0.0,0.0,0.0,1.0,0.0,0.0,1.0,1.0,0.0,0.0,1.0,0.0,0.0,1.0,1.0,0.0
boundary_edge_frac,interpenetrating,3,120,False,0.5,0.5,0.5,0.0,0.0,0.0,0.0,1.0,0.0,0.0,1.0,1.0,0.0,0.0,1.0,0.0,0.0,1.0,1.0,0.0
boundary_edge_frac,noise,1,120,False,0.5,0.5,0.5,0.0,0.0,0.0,0.0,1.0,0.0,0.0,1.0,1.0,0.0,0.0,1.0,0.0,0.0,1.0,1.0,0.0
boundary_edge_frac,noise,2,120,False,0.5,0.5,0.5,0.0,0.0,0.0,0.0,1.0,0.0,0.0,1.0,1.0,0.0,0.0,1.0,0.0,0.0,1.0,1.0,0.0
boundary_edge_frac,noise,3,120,False,0.5,0.5,0.5,0.0,0.0,0.0,0.0,1.0,0.0,0.0,1.0,1.0,0.0,0.0,1.0,0.0,0.0,1.0,1.0,0.0
boundary_edge_frac,thin_fin,1,120,False,0.5,0.5,0.5,0.0,0.0,0.0,0.0,1.0,0.0,0.0,1.0,1.0,0.0,0.0,1.0,0.0,0.0,1.0,1.0,0.0
boundary_edge_frac,thin_fin,2,120,False,0.5,0.5,0.5,0.0,0.0,0.0,0.0,1.0,0.0,0.0,1.0,1.0,0.0,0.0,1.0,0.0,0.0,1.0,1.0,0.0
boundary_edge_frac,thin_fin,3,120,False,0.5,0.5,0.5,0.0,0.0,0.0,0.0,1.0,0.0,0.0,1.0,1.0,0.0,0.0,1.0,0.0,0.0,1.0,1.0,0.0
n_boundary_loops,crossing_sheet,1,120,False,1.0,1.0,1.0,1.0,0.0,1.0,1.0,1.0,1.0,1.0,1.0,1.0,0.0,1.0,1.0,1.0,1.0,1.0,1.0,0.0
n_boundary_loops,crossing_sheet,2,120,False,1.0,1.0,1.0,1.0,0.0,1.0,1.0,1.0,1.0,1.0,1.0,1.0,0.0,1.0,1.0,1.0,1.0,1.0,1.0,0.0
n_boundary_loops,crossing_sheet,3,120,False,1.0,1.0,1.0,1.0,0.0,1.0,1.0,1.0,1.0,1.0,1.0,1.0,0.0,1.0,1.0,1.0,1.0,1.0,1.0,0.0
n_boundary_loops,floaters,1,120,False,0.5,0.5,0.5,0.0,0.0,0.0,0.0,1.0,0.0,0.0,1.0,1.0,0.0,0.0,1.0,0.0,0.0,1.0,1.0,0.0
n_boundary_loops,floaters,2,120,False,0.5,0.5,0.5,0.0,0.0,0.0,0.0,1.0,0.0,0.0,1.0,1.0,0.0,0.0,1.0,0.0,0.0,1.0,1.0,0.0
n_boundary_loops,floaters,3,120,False,0.5,0.5,0.5,0.0,0.0,0.0,0.0,1.0,0.0,0.0,1.0,1.0,0.0,0.0,1.0,0.0,0.0,1.0,1.0,0.0
n_boundary_loops,hidden_shell,1,120,False,0.5,0.5,0.5,0.0,0.0,0.0,0.0,1.0,0.0,0.0,1.0,1.0,0.0,0.0,1.0,0.0,0.0,1.0,1.0,0.0
n_boundary_loops,hidden_shell,2,120,False,0.5,0.5,0.5,0.0,0.0,0.0,0.0,1.0,0.0,0.0,1.0,1.0,0.0,0.0,1.0,0.0,0.0,1.0,1.0,0.0
n_boundary_loops,hidden_shell,3,120,False,0.5,0.5,0.5,0.0,0.0,0.0,0.0,1.0,0.0,0.0,1.0,1.0,0.0,0.0,1.0,0.0,0.0,1.0,1.0,0.0
n_boundary_loops,holes,1,120,False,1.0,1.0,1.0,1.0,0.0,3.0,1.0,1.0,1.0,1.0,1.0,1.0,0.0,1.0,1.0,1.0,1.0,1.0,1.0,0.0
n_boundary_loops,holes,2,120,False,1.0,1.0,1.0,1.0,0.0,3.0,1.0,1.0,1.0,1.0,1.0,1.0,0.0,1.0,1.0,1.0,1.0,1.0,1.0,0.0
n_boundary_loops,holes,3,120,False,1.0,1.0,1.0,1.0,0.0,3.0,1.0,1.0,1.0,1.0,1.0,1.0,0.0,1.0,1.0,1.0,1.0,1.0,1.0,0.0
n_boundary_loops,interpenetrating,1,120,False,0.5,0.5,0.5,0.0,0.0,0.0,0.0,1.0,0.0,0.0,1.0,1.0,0.0,0.0,1.0,0.0,0.0,1.0,1.0,0.0
n_boundary_loops,interpenetrating,2,120,False,0.5,0.5,0.5,0.0,0.0,0.0,0.0,1.0,0.0,0.0,1.0,1.0,0.0,0.0,1.0,0.0,0.0,1.0,1.0,0.0
n_boundary_loops,interpenetrating,3,120,False,0.5,0.5,0.5,0.0,0.0,0.0,0.0,1.0,0.0,0.0,1.0,1.0,0.0,0.0,1.0,0.0,0.0,1.0,1.0,0.0
n_boundary_loops,noise,1,120,False,0.5,0.5,0.5,0.0,0.0,0.0,0.0,1.0,0.0,0.0,1.0,1.0,0.0,0.0,1.0,0.0,0.0,1.0,1.0,0.0
n_boundary_loops,noise,2,120,False,0.5,0.5,0.5,0.0,0.0,0.0,0.0,1.0,0.0,0.0,1.0,1.0,0.0,0.0,1.0,0.0,0.0,1.0,1.0,0.0
n_boundary_loops,noise,3,120,False,0.5,0.5,0.5,0.0,0.0,0.0,0.0,1.0,0.0,0.0,1.0,1.0,0.0,0.0,1.0,0.0,0.0,1.0,1.0,0.0
n_boundary_loops,thin_fin,1,120,False,0.5,0.5,0.5,0.0,0.0,0.0,0.0,1.0,0.0,0.0,1.0,1.0,0.0,0.0,1.0,0.0,0.0,1.0,1.0,0.0
n_boundary_loops,thin_fin,2,120,False,0.5,0.5,0.5,0.0,0.0,0.0,0.0,1.0,0.0,0.0,1.0,1.0,0.0,0.0,1.0,0.0,0.0,1.0,1.0,0.0
n_boundary_loops,thin_fin,3,120,False,0.5,0.5,0.5,0.0,0.0,0.0,0.0,1.0,0.0,0.0,1.0,1.0,0.0,0.0,1.0,0.0,0.0,1.0,1.0,0.0
n_small_components,crossing_sheet,1,120,False,1.0,1.0,1.0,1.0,0.0,1.0,1.0,1.0,1.0,1.0,1.0,1.0,0.0,0.008333333333333333,1.0,0.0,0.025,1.0,1.0,3.049999999999983
n_small_components,crossing_sheet,2,120,False,0.6708333333333333,0.6291666666666667,0.7125,0.3416666666666667,0.0,0.0,0.3416666666666667,1.0,0.25833333333333336,0.425,1.0,1.0,0.0,0.025,1.0,0.0,0.058333333333333334,1.0,1.0,3.049999999999983
n_small_components,crossing_sheet,3,120,False,0.6125,0.575,0.65,0.225,0.0,0.0,0.225,1.0,0.15,0.3,1.0,1.0,0.0,0.0,1.0,0.0,0.0,1.0,1.0,3.049999999999983
n_small_components,floaters,1,120,True,1.0,1.0,1.0,1.0,0.0,1.0,1.0,1.0,1.0,1.0,1.0,1.0,0.0,0.0,1.0,0.0,0.0,1.0,1.0,3.049999999999983
n_small_components,floaters,2,120,True,1.0,1.0,1.0,1.0,0.0,3.0,1.0,1.0,1.0,1.0,1.0,1.0,0.0,0.0,1.0,0.0,0.0,1.0,1.0,3.049999999999983
n_small_components,floaters,3,120,True,1.0,1.0,1.0,1.0,0.0,10.0,1.0,1.0,1.0,1.0,1.0,1.0,0.0,1.0,1.0,1.0,1.0,1.0,1.0,3.049999999999983
n_small_components,hidden_shell,1,120,False,0.8583333333333333,0.8166666666666667,0.8958333333333334,0.7166666666666667,0.0,1.0,0.7166666666666667,1.0,0.6333333333333333,0.7916666666666666,1.0,1.0,0.0,0.0,1.0,0.0,0.0,1.0,1.0,3.049999999999983
n_small_components,hidden_shell,2,120,False,0.6833333333333333,0.6416666666666667,0.7291666666666666,0.36666666666666664,0.0,0.0,0.36666666666666664,1.0,0.2833333333333333,0.4583333333333333,1.0,1.0,0.0,0.0,1.0,0.0,0.0,1.0,1.0,3.049999999999983
n_small_components,hidden_shell,3,120,False,0.5583333333333333,0.5291666666666667,0.5875,0.11666666666666667,0.0,0.0,0.11666666666666667,1.0,0.058333333333333334,0.175,1.0,1.0,0.0,0.0,1.0,0.0,0.0,1.0,1.0,3.049999999999983
n_small_components,holes,1,120,False,0.5,0.5,0.5,0.0,0.0,0.0,0.0,1.0,0.0,0.0,1.0,1.0,0.0,0.0,1.0,0.0,0.0,1.0,1.0,3.049999999999983
n_small_components,holes,2,120,False,0.5125,0.5,0.5291666666666667,0.025,0.0,0.0,0.025,1.0,0.0,0.058333333333333334,1.0,1.0,0.0,0.0,1.0,0.0,0.0,1.0,1.0,3.049999999999983
n_small_components,holes,3,120,False,0.5666666666666667,0.5375,0.6,0.13333333333333333,0.0,0.0,0.13333333333333333,1.0,0.075,0.2,1.0,1.0,0.0,0.0,1.0,0.0,0.0,1.0,1.0,3.049999999999983
n_small_components,interpenetrating,1,120,False,0.6833333333333333,0.6416666666666667,0.725,0.36666666666666664,0.0,0.0,0.36666666666666664,1.0,0.2833333333333333,0.45,1.0,1.0,0.0,0.0,1.0,0.0,0.0,1.0,1.0,3.049999999999983
n_small_components,interpenetrating,2,120,False,0.5,0.5,0.5,0.0,0.0,0.0,0.0,1.0,0.0,0.0,1.0,1.0,0.0,0.0,1.0,0.0,0.0,1.0,1.0,3.049999999999983
n_small_components,interpenetrating,3,120,False,0.5,0.5,0.5,0.0,0.0,0.0,0.0,1.0,0.0,0.0,1.0,1.0,0.0,0.0,1.0,0.0,0.0,1.0,1.0,3.049999999999983
n_small_components,noise,1,120,False,0.5,0.5,0.5,0.0,0.0,0.0,0.0,1.0,0.0,0.0,1.0,1.0,0.0,0.0,1.0,0.0,0.0,1.0,1.0,3.049999999999983
n_small_components,noise,2,120,False,0.5,0.5,0.5,0.0,0.0,0.0,0.0,1.0,0.0,0.0,1.0,1.0,0.0,0.0,1.0,0.0,0.0,1.0,1.0,3.049999999999983
n_small_components,noise,3,120,False,0.5,0.5,0.5,0.0,0.0,0.0,0.0,1.0,0.0,0.0,1.0,1.0,0.0,0.0,1.0,0.0,0.0,1.0,1.0,3.049999999999983
n_small_components,thin_fin,1,120,False,0.5,0.5,0.5,0.0,0.0,0.0,0.0,1.0,0.0,0.0,1.0,1.0,0.0,0.0,1.0,0.0,0.0,1.0,1.0,3.049999999999983
n_small_components,thin_fin,2,120,False,0.5,0.5,0.5,0.0,0.0,0.0,0.0,1.0,0.0,0.0,1.0,1.0,0.0,0.0,1.0,0.0,0.0,1.0,1.0,3.049999999999983
n_small_components,thin_fin,3,120,False,0.5,0.5,0.5,0.0,0.0,0.0,0.0,1.0,0.0,0.0,1.0,1.0,0.0,0.0,1.0,0.0,0.0,1.0,1.0,3.049999999999983
n_components,crossing_sheet,1,120,False,0.9254166666666667,0.8872222222222222,0.9621527777777777,1.0,1.0,2.0,,,,,,,,0.0,1.0,0.0,0.0,1.0,1.0,9.0
n_components,crossing_sheet,2,120,False,0.9272222222222222,0.8903463541666666,0.9630911458333333,1.0,1.0,2.0,,,,,,,,0.008333333333333333,1.0,0.0,0.025,1.0,1.0,9.0
n_components,crossing_sheet,3,120,False,0.9288194444444444,0.8923255208333334,0.9643064236111111,1.0,1.0,2.0,,,,,,,,0.008333333333333333,1.0,0.0,0.025,1.0,1.0,9.0
n_components,floaters,1,120,False,0.9148263888888889,0.8738888888888889,0.9558680555555555,1.0,1.0,2.0,,,,,,,,0.0,1.0,0.0,0.0,1.0,1.0,9.0
n_components,floaters,2,120,False,0.9655208333333334,0.9370477430555556,0.9917361111111112,1.0,1.0,4.0,,,,,,,,0.008333333333333333,1.0,0.0,0.025,1.0,1.0,9.0
n_components,floaters,3,120,False,1.0,1.0,1.0,1.0,1.0,11.0,,,,,,,,1.0,1.0,1.0,1.0,1.0,1.0,9.0
n_components,hidden_shell,1,120,False,0.9148263888888889,0.8738888888888889,0.9558680555555555,1.0,1.0,2.0,,,,,,,,0.0,1.0,0.0,0.0,1.0,1.0,9.0
n_components,hidden_shell,2,120,False,0.9148263888888889,0.8738888888888889,0.9558680555555555,1.0,1.0,2.0,,,,,,,,0.0,1.0,0.0,0.0,1.0,1.0,9.0
n_components,hidden_shell,3,120,False,0.9148263888888889,0.8738888888888889,0.9558680555555555,1.0,1.0,2.0,,,,,,,,0.0,1.0,0.0,0.0,1.0,1.0,9.0
n_components,holes,1,120,False,0.5,0.5,0.5,0.0,1.0,1.0,,,,,,,,0.0,1.0,0.0,0.0,1.0,1.0,9.0
n_components,holes,2,120,False,0.5119444444444444,0.5,0.5276388888888889,0.025,1.0,1.0,,,,,,,,0.0,1.0,0.0,0.0,1.0,1.0,9.0
n_components,holes,3,120,False,0.5591666666666667,0.5320130208333333,0.5888550347222222,0.14166666666666666,1.0,1.0,,,,,,,,0.0,1.0,0.0,0.0,1.0,1.0,9.0
n_components,interpenetrating,1,120,False,0.9148263888888889,0.8738888888888889,0.9558680555555555,1.0,1.0,2.0,,,,,,,,0.0,1.0,0.0,0.0,1.0,1.0,9.0
n_components,interpenetrating,2,120,False,0.9148263888888889,0.8738888888888889,0.9558680555555555,1.0,1.0,2.0,,,,,,,,0.0,1.0,0.0,0.0,1.0,1.0,9.0
n_components,interpenetrating,3,120,False,0.9148263888888889,0.8738888888888889,0.9558680555555555,1.0,1.0,2.0,,,,,,,,0.0,1.0,0.0,0.0,1.0,1.0,9.0
n_components,noise,1,120,False,0.5,0.5,0.5,0.0,1.0,1.0,,,,,,,,0.0,1.0,0.0,0.0,1.0,1.0,9.0
n_components,noise,2,120,False,0.5,0.5,0.5,0.0,1.0,1.0,,,,,,,,0.0,1.0,0.0,0.0,1.0,1.0,9.0
n_components,noise,3,120,False,0.5,0.5,0.5,0.0,1.0,1.0,,,,,,,,0.0,1.0,0.0,0.0,1.0,1.0,9.0
n_components,thin_fin,1,120,False,0.9148263888888889,0.8738888888888889,0.9558680555555555,1.0,1.0,2.0,,,,,,,,0.0,1.0,0.0,0.0,1.0,1.0,9.0
n_components,thin_fin,2,120,False,0.9148263888888889,0.8738888888888889,0.9558680555555555,1.0,1.0,2.0,,,,,,,,0.0,1.0,0.0,0.0,1.0,1.0,9.0
n_components,thin_fin,3,120,False,0.9148263888888889,0.8738888888888889,0.9558680555555555,1.0,1.0,2.0,,,,,,,,0.0,1.0,0.0,0.0,1.0,1.0,9.0
self_intersect_face_frac,crossing_sheet,1,120,True,0.9401736111111111,0.9037838541666666,0.9722916666666667,1.0,0.0,0.0031289944561087,1.0,0.7916666666666666,1.0,1.0,0.7166666666666667,0.8583333333333333,0.0,0.0,1.0,0.0,0.0,1.0,1.0,0.04428124303611786
self_intersect_face_frac,crossing_sheet,2,120,True,0.9649305555555555,0.9347899305555556,0.9902083333333334,1.0,0.0,0.0073528831830329995,1.0,0.7916666666666666,1.0,1.0,0.7166666666666667,0.8583333333333333,0.0,0.016666666666666666,1.0,0.0,0.041666666666666664,1.0,1.0,0.04428124303611786
self_intersect_face_frac,crossing_sheet,3,120,True,0.9772916666666667,0.9532638888888889,0.9963194444444444,1.0,0.0,0.01728961475076895,1.0,0.7916666666666666,1.0,1.0,0.7166666666666667,0.8583333333333333,0.0,0.05,1.0,0.016666666666666666,0.09166666666666666,1.0,1.0,0.04428124303611786
self_intersect_face_frac,floaters,1,120,False,0.5136805555555556,0.49899305555555556,0.5302777777777777,0.03333333333333333,0.0,0.0,0.23333333333333334,0.7916666666666666,0.15833333333333333,0.30833333333333335,0.7166666666666667,0.8583333333333333,0.0,0.0,1.0,0.0,0.0,1.0,1.0,0.04428124303611786
self_intersect_face_frac,floaters,2,120,False,0.5216319444444445,0.505625,0.5415972222222222,0.125,0.0,0.0,0.24166666666666667,0.7916666666666666,0.16666666666666666,0.325,0.7166666666666667,0.8583333333333333,0.0,0.0,1.0,0.0,0.0,1.0,1.0,0.04428124303611786
self_intersect_face_frac,floaters,3,120,False,0.6289583333333333,0.590625,0.6697222222222222,0.3416666666666667,0.0,0.0,0.43333333333333335,0.7916666666666666,0.35,0.525,0.7166666666666667,0.8583333333333333,0.0,0.0,1.0,0.0,0.0,1.0,1.0,0.04428124303611786
self_intersect_face_frac,hidden_shell,1,120,False,0.49850694444444443,0.4956597222222222,0.4989236111111111,0.0,0.0,0.0,0.20833333333333334,0.7916666666666666,0.14166666666666666,0.2833333333333333,0.7166666666666667,0.8583333333333333,0.0,0.0,1.0,0.0,0.0,1.0,1.0,0.04428124303611786
self_intersect_face_frac,hidden_shell,2,120,False,0.49850694444444443,0.4956597222222222,0.4989236111111111,0.0,0.0,0.0,0.20833333333333334,0.7916666666666666,0.14166666666666666,0.2833333333333333,0.7166666666666667,0.8583333333333333,0.0,0.0,1.0,0.0,0.0,1.0,1.0,0.04428124303611786
self_intersect_face_frac,hidden_shell,3,120,False,0.49850694444444443,0.4956597222222222,0.4989236111111111,0.0,0.0,0.0,0.20833333333333334,0.7916666666666666,0.14166666666666666,0.2833333333333333,0.7166666666666667,0.8583333333333333,0.0,0.0,1.0,0.0,0.0,1.0,1.0,0.04428124303611786
self_intersect_face_frac,holes,1,120,False,0.5012152777777777,0.5009722222222223,0.5037152777777778,0.20833333333333334,0.0,0.0,0.20833333333333334,0.7916666666666666,0.14166666666666666,0.2833333333333333,0.7166666666666667,0.8583333333333333,0.0,0.0,1.0,0.0,0.0,1.0,1.0,0.04428124303611786
self_intersect_face_frac,holes,2,120,False,0.5007986111111111,0.5001736111111111,0.5030555555555556,0.18333333333333332,0.0,0.0,0.20833333333333334,0.7916666666666666,0.14166666666666666,0.2833333333333333,0.7166666666666667,0.8583333333333333,0.0,0.0,1.0,0.0,0.0,1.0,1.0,0.04428124303611786
self_intersect_face_frac,holes,3,120,False,0.5012847222222222,0.5005546875,0.5039930555555555,0.18333333333333332,0.0,0.0,0.20833333333333334,0.7916666666666666,0.14166666666666666,0.2833333333333333,0.7166666666666667,0.8583333333333333,0.0,0.0,1.0,0.0,0.0,1.0,1.0,0.04428124303611786
self_intersect_face_frac,interpenetrating,1,120,True,0.9710416666666667,0.9416649305555556,0.9939583333333334,1.0,0.0,0.0105380170977323,1.0,0.7916666666666666,1.0,1.0,0.7166666666666667,0.8583333333333333,0.0,0.008333333333333333,1.0,0.0,0.025,1.0,1.0,0.04428124303611786
self_intersect_face_frac,interpenetrating,2,120,True,0.9778472222222222,0.9534027777777778,0.9973611111111111,1.0,0.0,0.01701550387596895,1.0,0.7916666666666666,1.0,1.0,0.7166666666666667,0.8583333333333333,0.0,0.03333333333333333,1.0,0.008333333333333333,0.06666666666666667,1.0,1.0,0.04428124303611786
self_intersect_face_frac,interpenetrating,3,120,True,0.9861111111111112,0.9679166666666666,0.9996527777777777,1.0,0.0,0.0263178294573643,1.0,0.7916666666666666,1.0,1.0,0.7166666666666667,0.8583333333333333,0.0,0.1,1.0,0.05,0.15833333333333333,1.0,1.0,0.04428124303611786
self_intersect_face_frac,noise,1,120,False,0.6734722222222222,0.6320121527777778,0.7164982638888888,0.49166666666666664,0.0,0.0004,0.5333333333333333,0.7916666666666666,0.44166666666666665,0.625,0.7166666666666667,0.8583333333333333,0.0,0.03333333333333333,1.0,0.008333333333333333,0.06666666666666667,1.0,1.0,0.04428124303611786
self_intersect_face_frac,noise,2,120,False,0.9332638888888889,0.9014583333333334,0.9621189236111111,0.9416666666666667,0.0,0.0165648292268375,0.9416666666666667,0.7916666666666666,0.9,0.9752083333333302,0.7166666666666667,0.8583333333333333,0.0,0.18333333333333332,1.0,0.11666666666666667,0.25833333333333336,1.0,1.0,0.04428124303611786
self_intersect_face_frac,noise,3,120,False,0.9970138888888889,0.9929166666666667,0.9997222222222222,1.0,0.0,0.1768181453930378,1.0,0.7916666666666666,1.0,1.0,0.7166666666666667,0.8583333333333333,0.0,0.9416666666666667,1.0,0.9,0.9833333333333333,1.0,1.0,0.04428124303611786
self_intersect_face_frac,thin_fin,1,120,False,0.9672916666666667,0.9363871527777778,0.9920833333333333,1.0,0.0,0.00884865935393085,1.0,0.7916666666666666,1.0,1.0,0.7166666666666667,0.8583333333333333,0.0,0.008333333333333333,1.0,0.0,0.025,1.0,1.0,0.04428124303611786
self_intersect_face_frac,thin_fin,2,120,False,0.9661111111111111,0.9347916666666667,0.9918055555555556,1.0,0.0,0.0077861687993846,1.0,0.7916666666666666,1.0,1.0,0.7166666666666667,0.8583333333333333,0.0,0.008333333333333333,1.0,0.0,0.025,1.0,1.0,0.04428124303611786
self_intersect_face_frac,thin_fin,3,120,False,0.9629166666666666,0.9303472222222222,0.9906944444444444,1.0,0.0,0.00654905679449715,1.0,0.7916666666666666,1.0,1.0,0.7166666666666667,0.8583333333333333,0.0,0.008333333333333333,1.0,0.0,0.025,1.0,1.0,0.04428124303611786
hidden_surface_frac,crossing_sheet,1,120,False,0.7893055555555556,0.7377430555555555,0.8459730902777778,0.9833333333333333,0.0,0.0034499999999999,1.0,0.5833333333333334,1.0,1.0,0.49166666666666664,0.6666666666666666,0.0,0.058333333333333334,0.9416666666666667,0.016666666666666666,0.10833333333333334,0.8916666666666667,0.9833333333333333,0.12816249999999998
hidden_surface_frac,crossing_sheet,2,120,False,0.8420138888888888,0.7909722222222222,0.8963211805555555,1.0,0.0,0.01107499999999995,1.0,0.5833333333333334,1.0,1.0,0.49166666666666664,0.6666666666666666,0.0,0.058333333333333334,0.9416666666666667,0.016666666666666666,0.10833333333333334,0.8916666666666667,0.9833333333333333,0.12816249999999998
hidden_surface_frac,crossing_sheet,3,120,False,0.8902083333333334,0.8439583333333334,0.9361475694444444,1.0,0.0,0.026025,1.0,0.5833333333333334,1.0,1.0,0.49166666666666664,0.6666666666666666,0.0,0.058333333333333334,0.9416666666666667,0.016666666666666666,0.10833333333333334,0.8916666666666667,0.9833333333333333,0.12816249999999998
hidden_surface_frac,floaters,1,120,False,0.5074305555555556,0.49583333333333335,0.5204166666666666,0.19166666666666668,0.0,0.0,0.44166666666666665,0.5833333333333334,0.35,0.5333333333333333,0.49166666666666664,0.6666666666666666,0.0,0.058333333333333334,0.9416666666666667,0.016666666666666666,0.10833333333333334,0.8916666666666667,0.9833333333333333,0.12816249999999998
hidden_surface_frac,floaters,2,120,False,0.5274305555555555,0.5098255208333333,0.5477430555555556,0.2833333333333333,0.0,0.0,0.49166666666666664,0.5833333333333334,0.4,0.5833333333333334,0.49166666666666664,0.6666666666666666,0.0,0.058333333333333334,0.9416666666666667,0.016666666666666666,0.10833333333333334,0.8916666666666667,0.9833333333333333,0.12816249999999998
hidden_surface_frac,floaters,3,120,False,0.5791319444444445,0.5500338541666667,0.6135789930555555,0.5166666666666667,0.0,0.0003999999999999,0.6083333333333333,0.5833333333333334,0.525,0.6916666666666667,0.49166666666666664,0.6666666666666666,0.0,0.058333333333333334,0.9416666666666667,0.016666666666666666,0.10833333333333334,0.8916666666666667,0.9833333333333333,0.12816249999999998
hidden_surface_frac,hidden_shell,1,120,True,0.81125,0.7638524305555555,0.8624670138888889,0.9833333333333333,0.0,0.01157499999999995,1.0,0.5833333333333334,1.0,1.0,0.49166666666666664,0.6666666666666666,0.0,0.058333333333333334,0.9416666666666667,0.016666666666666666,0.10833333333333334,0.8916666666666667,0.9833333333333333,0.12816249999999998
hidden_surface_frac,hidden_shell,2,120,True,0.8694444444444445,0.8262465277777779,0.9139583333333333,1.0,0.0,0.033124999999999905,1.0,0.5833333333333334,1.0,1.0,0.49166666666666664,0.6666666666666666,0.0,0.058333333333333334,0.9416666666666667,0.016666666666666666,0.10833333333333334,0.8916666666666667,0.9833333333333333,0.12816249999999998
hidden_surface_frac,hidden_shell,3,120,True,0.9117013888888889,0.8736788194444445,0.9477777777777778,1.0,0.0,0.07064999999999995,1.0,0.5833333333333334,1.0,1.0,0.49166666666666664,0.6666666666666666,0.0,0.31666666666666665,0.9416666666666667,0.23333333333333334,0.4,0.8916666666666667,0.9833333333333333,0.12816249999999998
hidden_surface_frac,holes,1,120,False,0.49309027777777775,0.4819435763888889,0.5010763888888888,0.05,0.0,0.0,0.4083333333333333,0.5833333333333334,0.31666666666666665,0.5,0.49166666666666664,0.6666666666666666,0.0,0.058333333333333334,0.9416666666666667,0.016666666666666666,0.10833333333333334,0.8916666666666667,0.9833333333333333,0.12816249999999998
hidden_surface_frac,holes,2,120,False,0.4930555555555556,0.4821875,0.5017022569444445,0.09166666666666666,0.0,0.0,0.4083333333333333,0.5833333333333334,0.31666666666666665,0.5,0.49166666666666664,0.6666666666666666,0.0,0.05,0.9416666666666667,0.016666666666666666,0.09166666666666666,0.8916666666666667,0.9833333333333333,0.12816249999999998
hidden_surface_frac,holes,3,120,False,0.485625,0.4748611111111111,0.4928472222222222,0.06666666666666667,0.0,0.0,0.4,0.5833333333333334,0.31666666666666665,0.49166666666666664,0.49166666666666664,0.6666666666666666,0.0,0.025,0.9416666666666667,0.0,0.058333333333333334,0.8916666666666667,0.9833333333333333,0.12816249999999998
hidden_surface_frac,interpenetrating,1,120,True,0.8348958333333333,0.7832256944444445,0.8891328125,1.0,0.0,0.008625,1.0,0.5833333333333334,1.0,1.0,0.49166666666666664,0.6666666666666666,0.0,0.058333333333333334,0.9416666666666667,0.016666666666666666,0.10833333333333334,0.8916666666666667,0.9833333333333333,0.12816249999999998
hidden_surface_frac,interpenetrating,2,120,True,0.8965625,0.8505902777777777,0.9412508680555556,1.0,0.0,0.029150000000000002,1.0,0.5833333333333334,1.0,1.0,0.49166666666666664,0.6666666666666666,0.0,0.06666666666666667,0.9416666666666667,0.025,0.11666666666666667,0.8916666666666667,0.9833333333333333,0.12816249999999998
hidden_surface_frac,interpenetrating,3,120,True,0.9368402777777778,0.8967708333333333,0.9739600694444445,1.0,0.0,0.088,1.0,0.5833333333333334,1.0,1.0,0.49166666666666664,0.6666666666666666,0.0,0.18333333333333332,0.9416666666666667,0.11666666666666667,0.25833333333333336,0.8916666666666667,0.9833333333333333,0.12816249999999998
hidden_surface_frac,noise,1,120,False,0.53375,0.5159027777777778,0.5565633680555555,0.38333333333333336,0.0,4.999999999999449e-05,0.5166666666666667,0.5833333333333334,0.425,0.6083333333333333,0.49166666666666664,0.6666666666666666,0.0,0.058333333333333334,0.9416666666666667,0.016666666666666666,0.10833333333333334,0.8916666666666667,0.9833333333333333,0.12816249999999998
hidden_surface_frac,noise,2,120,False,0.6558333333333334,0.6209019097222223,0.6970833333333334,0.7416666666666667,0.0,0.0012249999999999,0.775,0.5833333333333334,0.7,0.85,0.49166666666666664,0.6666666666666666,0.0,0.058333333333333334,0.9416666666666667,0.016666666666666666,0.10833333333333334,0.8916666666666667,0.9833333333333333,0.12816249999999998
hidden_surface_frac,noise,3,120,False,0.8575694444444445,0.8158315972222222,0.8998289930555555,0.9916666666666667,0.0,0.0260999999999999,0.9916666666666667,0.5833333333333334,0.975,1.0,0.49166666666666664,0.6666666666666666,0.0,0.09166666666666666,0.9416666666666667,0.041666666666666664,0.15,0.8916666666666667,0.9833333333333333,0.12816249999999998
hidden_surface_frac,thin_fin,1,120,False,0.8949652777777778,0.8506536458333334,0.9394461805555555,1.0,0.0,0.03115,1.0,0.5833333333333334,1.0,1.0,0.49166666666666664,0.6666666666666666,0.0,0.058333333333333334,0.9416666666666667,0.016666666666666666,0.10833333333333334,0.8916666666666667,0.9833333333333333,0.12816249999999998
hidden_surface_frac,thin_fin,2,120,False,0.8911805555555555,0.8460416666666667,0.9357638888888888,1.0,0.0,0.03027499999999995,1.0,0.5833333333333334,1.0,1.0,0.49166666666666664,0.6666666666666666,0.0,0.058333333333333334,0.9416666666666667,0.016666666666666666,0.10833333333333334,0.8916666666666667,0.9833333333333333,0.12816249999999998
hidden_surface_frac,thin_fin,3,120,False,0.8905208333333333,0.845,0.9350026041666667,0.9916666666666667,0.0,0.029175,1.0,0.5833333333333334,1.0,1.0,0.49166666666666664,0.6666666666666666,0.0,0.058333333333333334,0.9416666666666667,0.016666666666666666,0.10833333333333334,0.8916666666666667,0.9833333333333333,0.12816249999999998
thin_frac_0.005,crossing_sheet,1,120,False,0.7617013888888889,0.7145815972222223,0.8142369791666667,0.975,0.00045,0.002225,1.0,0.26666666666666666,1.0,1.0,0.19166666666666668,0.35,0.0,0.05,0.95,0.016666666666666666,0.09166666666666666,0.9083333333333333,0.9833333333333333,0.05032999999999996
thin_frac_0.005,crossing_sheet,2,120,False,0.8133680555555556,0.765,0.8650008680555555,1.0,0.00045,0.0048000000000000004,1.0,0.26666666666666666,1.0,1.0,0.19166666666666668,0.35,0.0,0.05,0.95,0.016666666666666666,0.09166666666666666,0.9083333333333333,0.9833333333333333,0.05032999999999996
thin_frac_0.005,crossing_sheet,3,120,False,0.8597222222222223,0.8151736111111111,0.9053142361111111,1.0,0.00045,0.0102,1.0,0.26666666666666666,1.0,1.0,0.19166666666666668,0.35,0.0,0.05,0.95,0.016666666666666666,0.09166666666666666,0.9083333333333333,0.9833333333333333,0.05032999999999996
thin_frac_0.005,floaters,1,120,False,0.5019097222222222,0.49086805555555557,0.5136805555555556,0.425,0.00045,0.0005,0.7416666666666667,0.26666666666666666,0.6583333333333333,0.8166666666666667,0.19166666666666668,0.35,0.0,0.05,0.95,0.016666666666666666,0.09166666666666666,0.9083333333333333,0.9833333333333333,0.05032999999999996
thin_frac_0.005,floaters,2,120,False,0.511875,0.4995833333333333,0.5257638888888889,0.43333333333333335,0.00045,0.000475,0.7583333333333333,0.26666666666666666,0.6833333333333333,0.8333333333333334,0.19166666666666668,0.35,0.0,0.05,0.95,0.016666666666666666,0.09166666666666666,0.9083333333333333,0.9833333333333333,0.05032999999999996
thin_frac_0.005,floaters,3,120,False,0.5545486111111111,0.5369088541666667,0.5769809027777778,0.6166666666666667,0.00045,0.0007750000000000001,0.8333333333333334,0.26666666666666666,0.7666666666666667,0.9,0.19166666666666668,0.35,0.0,0.06666666666666667,0.95,0.025,0.11666666666666667,0.9083333333333333,0.9833333333333333,0.05032999999999996
thin_frac_0.005,hidden_shell,1,120,False,0.5004513888888888,0.49003385416666667,0.5109722222222223,0.35833333333333334,0.00045,0.000375,0.7416666666666667,0.26666666666666666,0.6583333333333333,0.8166666666666667,0.19166666666666668,0.35,0.0,0.05,0.95,0.016666666666666666,0.09166666666666666,0.9083333333333333,0.9833333333333333,0.05032999999999996
thin_frac_0.005,hidden_shell,2,120,False,0.4940625,0.47961805555555553,0.5064244791666667,0.3,0.00045,0.00045,0.7333333333333333,0.26666666666666666,0.65,0.8083333333333333,0.19166666666666668,0.35,0.0,0.05,0.95,0.016666666666666666,0.09166666666666666,0.9083333333333333,0.9833333333333333,0.05032999999999996
thin_frac_0.005,hidden_shell,3,120,False,0.5077430555555555,0.489375,0.5271536458333334,0.38333333333333336,0.00045,0.0004,0.75,0.26666666666666666,0.6666666666666666,0.825,0.19166666666666668,0.35,0.0,0.05,0.95,0.016666666666666666,0.09166666666666666,0.9083333333333333,0.9833333333333333,0.05032999999999996
thin_frac_0.005,holes,1,120,False,0.500625,0.4865625,0.5142708333333333,0.35833333333333334,0.00045,0.00039999999999999996,0.7416666666666667,0.26666666666666666,0.6583333333333333,0.8166666666666667,0.19166666666666668,0.35,0.0,0.05,0.95,0.016666666666666666,0.09166666666666666,0.9083333333333333,0.9833333333333333,0.05032999999999996
thin_frac_0.005,holes,2,120,False,0.49690972222222224,0.48385416666666664,0.5095486111111112,0.35833333333333334,0.00045,0.0004,0.7333333333333333,0.26666666666666666,0.65,0.8083333333333333,0.19166666666666668,0.35,0.0,0.05,0.95,0.016666666666666666,0.09166666666666666,0.9083333333333333,0.9833333333333333,0.05032999999999996
thin_frac_0.005,holes,3,120,False,0.4956597222222222,0.4835069444444444,0.5069791666666666,0.30833333333333335,0.00045,0.00042500000000000003,0.725,0.26666666666666666,0.6416666666666667,0.8,0.19166666666666668,0.35,0.0,0.05,0.95,0.016666666666666666,0.09166666666666666,0.9083333333333333,0.9833333333333333,0.05032999999999996
thin_frac_0.005,interpenetrating,1,120,False,0.6809027777777777,0.6427421875,0.7260763888888889,0.9166666666666666,0.00045,0.0013,0.9916666666666667,0.26666666666666666,0.975,1.0,0.19166666666666668,0.35,0.0,0.05,0.95,0.016666666666666666,0.09166666666666666,0.9083333333333333,0.9833333333333333,0.05032999999999996
thin_frac_0.005,interpenetrating,2,120,False,0.7555902777777778,0.7101710069444445,0.8046536458333333,0.9416666666666667,0.00045,0.002575,1.0,0.26666666666666666,1.0,1.0,0.19166666666666668,0.35,0.0,0.05,0.95,0.016666666666666666,0.09166666666666666,0.9083333333333333,0.9833333333333333,0.05032999999999996
thin_frac_0.005,interpenetrating,3,120,False,0.8034375,0.7563880208333333,0.8534748263888888,0.95,0.00045,0.004125,1.0,0.26666666666666666,1.0,1.0,0.19166666666666668,0.35,0.0,0.058333333333333334,0.95,0.016666666666666666,0.1,0.9083333333333333,0.9833333333333333,0.05032999999999996
thin_frac_0.005,noise,1,120,False,0.6766666666666666,0.6410763888888888,0.7175355902777778,0.8666666666666667,0.00045,0.0019,0.95,0.26666666666666666,0.9083333333333333,0.9833333333333333,0.19166666666666668,0.35,0.0,0.06666666666666667,0.95,0.025,0.11666666666666667,0.9083333333333333,0.9833333333333333,0.05032999999999996
thin_frac_0.005,noise,2,120,False,0.8889930555555555,0.8468385416666667,0.9297569444444445,0.9666666666666667,0.00045,0.015425000000000001,1.0,0.26666666666666666,1.0,1.0,0.19166666666666668,0.35,0.0,0.15,0.95,0.09166666666666666,0.21666666666666667,0.9083333333333333,0.9833333333333333,0.05032999999999996
thin_frac_0.005,noise,3,120,False,0.9563194444444445,0.9210399305555556,0.9860416666666667,0.975,0.00045,0.100575,1.0,0.26666666666666666,1.0,1.0,0.19166666666666668,0.35,0.0,0.925,0.95,0.875,0.9666666666666667,0.9083333333333333,0.9833333333333333,0.05032999999999996
thin_frac_0.005,thin_fin,1,120,True,0.6513541666666667,0.6183680555555555,0.6900355902777777,0.8083333333333333,0.00045,0.0015249999999999999,0.975,0.26666666666666666,0.9416666666666667,1.0,0.19166666666666668,0.35,0.0,0.05,0.95,0.016666666666666666,0.09166666666666666,0.9083333333333333,0.9833333333333333,0.05032999999999996
thin_frac_0.005,thin_fin,2,120,True,0.9522916666666666,0.9151388888888888,0.9838888888888889,1.0,0.00045,0.063975,1.0,0.26666666666666666,1.0,1.0,0.19166666666666668,0.35,0.0,0.8916666666666667,0.95,0.8333333333333334,0.9416666666666667,0.9083333333333333,0.9833333333333333,0.05032999999999996
thin_frac_0.005,thin_fin,3,120,True,0.9524305555555556,0.9157638888888889,0.9838888888888889,1.0,0.00045,0.06405,1.0,0.26666666666666666,1.0,1.0,0.19166666666666668,0.35,0.0,0.8916666666666667,0.95,0.8333333333333334,0.9416666666666667,0.9083333333333333,0.9833333333333333,0.05032999999999996
thin_frac_0.01,crossing_sheet,1,120,False,0.6152430555555556,0.5842013888888888,0.6561822916666666,0.9416666666666667,0.005175000000000001,0.0087,1.0,0.15,1.0,1.0,0.09166666666666666,0.21666666666666667,0.0,0.075,0.925,0.03333333333333333,0.125,0.875,0.9666666666666667,0.36372499999999935
thin_frac_0.01,crossing_sheet,2,120,False,0.6556597222222222,0.6197222222222222,0.7008359375,0.95,0.005175000000000001,0.013375000000000001,1.0,0.15,1.0,1.0,0.09166666666666666,0.21666666666666667,0.0,0.075,0.925,0.03333333333333333,0.125,0.875,0.9666666666666667,0.36372499999999935
thin_frac_0.01,crossing_sheet,3,120,False,0.7033680555555556,0.6628472222222223,0.7520138888888889,0.9583333333333334,0.005175000000000001,0.023975000000000003,1.0,0.15,1.0,1.0,0.09166666666666666,0.21666666666666667,0.0,0.075,0.925,0.03333333333333333,0.125,0.875,0.9666666666666667,0.36372499999999935
thin_frac_0.01,floaters,1,120,False,0.5002777777777778,0.49392274305555556,0.5075703125,0.5083333333333333,0.005175000000000001,0.005175,0.8416666666666667,0.15,0.775,0.9,0.09166666666666666,0.21666666666666667,0.0,0.075,0.925,0.03333333333333333,0.125,0.875,0.9666666666666667,0.36372499999999935
thin_frac_0.01,floaters,2,120,False,0.51125,0.5052430555555556,0.5206605902777778,0.5916666666666667,0.005175000000000001,0.005875,0.8833333333333333,0.15,0.825,0.9333333333333333,0.09166666666666666,0.21666666666666667,0.0,0.075,0.925,0.03333333333333333,0.125,0.875,0.9666666666666667,0.36372499999999935
thin_frac_0.01,floaters,3,120,False,0.5226736111111111,0.5147222222222222,0.5347916666666667,0.6333333333333333,0.005175000000000001,0.006,0.8833333333333333,0.15,0.825,0.9333333333333333,0.09166666666666666,0.21666666666666667,0.0,0.075,0.925,0.03333333333333333,0.125,0.875,0.9666666666666667,0.36372499999999935
thin_frac_0.01,hidden_shell,1,120,False,0.49930555555555556,0.49288194444444444,0.5051736111111111,0.375,0.005175000000000001,0.005325,0.8583333333333333,0.15,0.7916666666666666,0.9166666666666666,0.09166666666666666,0.21666666666666667,0.0,0.075,0.925,0.03333333333333333,0.125,0.875,0.9666666666666667,0.36372499999999935
thin_frac_0.01,hidden_shell,2,120,False,0.4988888888888889,0.4920486111111111,0.5049314236111111,0.3,0.005175000000000001,0.005050000000000001,0.875,0.15,0.8166666666666667,0.9333333333333333,0.09166666666666666,0.21666666666666667,0.0,0.06666666666666667,0.925,0.025,0.11666666666666667,0.875,0.9666666666666667,0.36372499999999935
thin_frac_0.01,hidden_shell,3,120,False,0.5240277777777778,0.5075347222222222,0.5432986111111111,0.43333333333333335,0.005175000000000001,0.005525,0.8916666666666667,0.15,0.8333333333333334,0.9416666666666667,0.09166666666666666,0.21666666666666667,0.0,0.06666666666666667,0.925,0.025,0.11666666666666667,0.875,0.9666666666666667,0.36372499999999935
thin_frac_0.01,holes,1,120,False,0.49927083333333333,0.49267361111111113,0.5057638888888889,0.39166666666666666,0.005175000000000001,0.005350000000000001,0.8583333333333333,0.15,0.7916666666666666,0.9166666666666666,0.09166666666666666,0.21666666666666667,0.0,0.075,0.925,0.03333333333333333,0.125,0.875,0.9666666666666667,0.36372499999999935
thin_frac_0.01,holes,2,120,False,0.4995833333333333,0.4915963541666667,0.5068402777777777,0.375,0.005175000000000001,0.0052250000000000005,0.8583333333333333,0.15,0.7916666666666666,0.9166666666666666,0.09166666666666666,0.21666666666666667,0.0,0.075,0.925,0.03333333333333333,0.125,0.875,0.9666666666666667,0.36372499999999935
thin_frac_0.01,holes,3,120,False,0.499375,0.49246527777777777,0.5057291666666667,0.375,0.005175000000000001,0.00475,0.8583333333333333,0.15,0.7916666666666666,0.9166666666666666,0.09166666666666666,0.21666666666666667,0.0,0.075,0.925,0.03333333333333333,0.125,0.875,0.9666666666666667,0.36372499999999935
thin_frac_0.01,interpenetrating,1,120,False,0.5820138888888889,0.5566319444444444,0.6161805555555555,0.8166666666666667,0.005175000000000001,0.00655,1.0,0.15,1.0,1.0,0.09166666666666666,0.21666666666666667,0.0,0.075,0.925,0.03333333333333333,0.125,0.875,0.9666666666666667,0.36372499999999935
thin_frac_0.01,interpenetrating,2,120,False,0.6169097222222222,0.5863185763888888,0.6567361111111111,0.8666666666666667,0.005175000000000001,0.010575,1.0,0.15,1.0,1.0,0.09166666666666666,0.21666666666666667,0.0,0.06666666666666667,0.925,0.025,0.11666666666666667,0.875,0.9666666666666667,0.36372499999999935
thin_frac_0.01,interpenetrating,3,120,False,0.6517013888888888,0.6149991319444444,0.695625,0.8416666666666667,0.005175000000000001,0.016599999999999997,1.0,0.15,1.0,1.0,0.09166666666666666,0.21666666666666667,0.0,0.06666666666666667,0.925,0.025,0.11666666666666667,0.875,0.9666666666666667,0.36372499999999935
thin_frac_0.01,noise,1,120,False,0.5668055555555556,0.5466319444444444,0.5942708333333333,0.7583333333333333,0.005175000000000001,0.008324999999999999,0.9583333333333334,0.15,0.9166666666666666,0.9916666666666667,0.09166666666666666,0.21666666666666667,0.0,0.075,0.925,0.03333333333333333,0.125,0.875,0.9666666666666667,0.36372499999999935
thin_frac_0.01,noise,2,120,False,0.7258680555555556,0.6829505208333333,0.77403125,0.9,0.005175000000000001,0.03415,1.0,0.15,1.0,1.0,0.09166666666666666,0.21666666666666667,0.0,0.06666666666666667,0.925,0.025,0.11666666666666667,0.875,0.9666666666666667,0.36372499999999935
thin_frac_0.01,noise,3,120,False,0.8959375,0.8475694444444445,0.9402135416666666,0.925,0.005175000000000001,0.165075,1.0,0.15,1.0,1.0,0.09166666666666666,0.21666666666666667,0.0,0.075,0.925,0.03333333333333333,0.125,0.875,0.9666666666666667,0.36372499999999935
thin_frac_0.01,thin_fin,1,120,False,0.8260416666666667,0.7803472222222222,0.8753472222222223,0.9916666666666667,0.005175000000000001,0.072775,1.0,0.15,1.0,1.0,0.09166666666666666,0.21666666666666667,0.0,0.075,0.925,0.03333333333333333,0.125,0.875,0.9666666666666667,0.36372499999999935
thin_frac_0.01,thin_fin,2,120,False,0.8257986111111111,0.779859375,0.8753133680555556,1.0,0.005175000000000001,0.07185,1.0,0.15,1.0,1.0,0.09166666666666666,0.21666666666666667,0.0,0.075,0.925,0.03333333333333333,0.125,0.875,0.9666666666666667,0.36372499999999935
thin_frac_0.01,thin_fin,3,120,False,0.8259375,0.7801354166666667,0.8756267361111111,1.0,0.005175000000000001,0.07289999999999999,1.0,0.15,1.0,1.0,0.09166666666666666,0.21666666666666667,0.0,0.075,0.925,0.03333333333333333,0.125,0.875,0.9666666666666667,0.36372499999999935
dihedral_mean_deg,crossing_sheet,1,120,False,0.4988888888888889,0.4951388888888889,0.5002083333333334,0.3416666666666667,8.728801390065778,8.73032068597147,,,,,,,,0.05,0.95,0.016666666666666666,0.09166666666666666,0.9083333333333333,0.9833333333333333,23.83739659810175
dihedral_mean_deg,crossing_sheet,2,120,False,0.500625,0.4965277777777778,0.50375,0.425,8.728801390065778,8.753802397063174,,,,,,,,0.05,0.95,0.016666666666666666,0.09166666666666666,0.9083333333333333,0.9833333333333333,23.83739659810175
dihedral_mean_deg,crossing_sheet,3,120,False,0.4992361111111111,0.4940277777777778,0.5031944444444445,0.39166666666666666,8.728801390065778,8.661879471654535,,,,,,,,0.05,0.95,0.016666666666666666,0.09166666666666666,0.9083333333333333,0.9833333333333333,23.83739659810175
dihedral_mean_deg,floaters,1,120,False,0.5071527777777778,0.5079861111111111,0.5135416666666667,0.9166666666666666,8.728801390065778,8.76511041748498,,,,,,,,0.05,0.95,0.016666666666666666,0.09166666666666666,0.9083333333333333,0.9833333333333333,23.83739659810175
dihedral_mean_deg,floaters,2,120,False,0.5147916666666666,0.5134722222222222,0.5239583333333333,0.9166666666666666,8.728801390065778,8.847841306649963,,,,,,,,0.05,0.95,0.016666666666666666,0.09166666666666666,0.9083333333333333,0.9833333333333333,23.83739659810175
dihedral_mean_deg,floaters,3,120,False,0.54125,0.5317361111111111,0.5601388888888889,0.9166666666666666,8.728801390065778,9.17948807892687,,,,,,,,0.05,0.95,0.016666666666666666,0.09166666666666666,0.9083333333333333,0.9833333333333333,23.83739659810175
dihedral_mean_deg,hidden_shell,1,120,False,0.5045833333333334,0.5002083333333334,0.51,0.525,8.728801390065778,8.734925666821898,,,,,,,,0.05,0.95,0.016666666666666666,0.09166666666666666,0.9083333333333333,0.9833333333333333,23.83739659810175
dihedral_mean_deg,hidden_shell,2,120,False,0.51,0.5031944444444445,0.5180555555555556,0.525,8.728801390065778,8.762221333663797,,,,,,,,0.05,0.95,0.016666666666666666,0.09166666666666666,0.9083333333333333,0.9833333333333333,23.83739659810175
dihedral_mean_deg,hidden_shell,3,120,False,0.5164583333333334,0.5066666666666667,0.5279861111111112,0.525,8.728801390065778,8.820370723249763,,,,,,,,0.041666666666666664,0.95,0.008333333333333333,0.08333333333333333,0.9083333333333333,0.9833333333333333,23.83739659810175
dihedral_mean_deg,holes,1,120,False,0.5026388888888889,0.50125,0.506875,0.675,8.728801390065778,8.724069206527155,,,,,,,,0.05,0.95,0.016666666666666666,0.09166666666666666,0.9083333333333333,0.9833333333333333,23.83739659810175
dihedral_mean_deg,holes,2,120,False,0.5025,0.5011111111111111,0.5070138888888889,0.6916666666666667,8.728801390065778,8.780076810885472,,,,,,,,0.05,0.95,0.016666666666666666,0.09166666666666666,0.9083333333333333,0.9833333333333333,23.83739659810175
dihedral_mean_deg,holes,3,120,False,0.5029166666666667,0.5001388888888889,0.5079166666666667,0.625,8.728801390065778,8.78673413359434,,,,,,,,0.05,0.95,0.016666666666666666,0.09166666666666666,0.9083333333333333,0.9833333333333333,23.83739659810175
dihedral_mean_deg,interpenetrating,1,120,False,0.5053472222222222,0.5002777777777778,0.5113888888888889,0.525,8.728801390065778,8.754690136946119,,,,,,,,0.041666666666666664,0.95,0.008333333333333333,0.08333333333333333,0.9083333333333333,0.9833333333333333,23.83739659810175
dihedral_mean_deg,interpenetrating,2,120,False,0.5086111111111111,0.5013194444444444,0.5171527777777778,0.525,8.728801390065778,8.77977729056898,,,,,,,,0.041666666666666664,0.95,0.008333333333333333,0.08333333333333333,0.9083333333333333,0.9833333333333333,23.83739659810175
dihedral_mean_deg,interpenetrating,3,120,False,0.518125,0.5056944444444444,0.5319444444444444,0.525,8.728801390065778,8.84237862376176,,,,,,,,0.041666666666666664,0.95,0.008333333333333333,0.08333333333333333,0.9083333333333333,0.9833333333333333,23.83739659810175
dihedral_mean_deg,noise,1,120,True,0.7529166666666667,0.7208333333333333,0.7922239583333334,1.0,8.728801390065778,14.572399044755533,,,,,,,,0.06666666666666667,0.95,0.025,0.11666666666666667,0.9083333333333333,0.9833333333333333,23.83739659810175
dihedral_mean_deg,noise,2,120,True,0.970625,0.9443715277777778,0.9915295138888889,1.0,8.728801390065778,27.89396236857683,,,,,,,,0.775,0.95,0.7,0.8416666666666667,0.9083333333333333,0.9833333333333333,23.83739659810175
dihedral_mean_deg,noise,3,120,True,0.9988888888888889,0.9966666666666667,1.0,1.0,8.728801390065778,51.3053319614713,,,,,,,,1.0,0.95,1.0,1.0,0.9083333333333333,0.9833333333333333,23.83739659810175
dihedral_mean_deg,thin_fin,1,120,False,0.5573611111111111,0.5461788194444445,0.579515625,1.0,8.728801390065778,9.468001912266818,,,,,,,,0.05,0.95,0.016666666666666666,0.09166666666666666,0.9083333333333333,0.9833333333333333,23.83739659810175
dihedral_mean_deg,thin_fin,2,120,False,0.5567361111111111,0.5456944444444445,0.5787517361111111,1.0,8.728801390065778,9.458443549190365,,,,,,,,0.05,0.95,0.016666666666666666,0.09166666666666666,0.9083333333333333,0.9833333333333333,23.83739659810175
dihedral_mean_deg,thin_fin,3,120,False,0.5566666666666666,0.5456927083333334,0.57875,1.0,8.728801390065778,9.453658403273385,,,,,,,,0.05,0.95,0.016666666666666666,0.09166666666666666,0.9083333333333333,0.9833333333333333,23.83739659810175
angle_defect_mean,crossing_sheet,1,120,False,0.49788194444444445,0.49364583333333334,0.4979513888888889,0.19166666666666668,0.0666620092022289,0.06659530172004896,,,,,,,,0.03333333333333333,0.9666666666666667,0.008333333333333333,0.06666666666666667,0.9333333333333333,0.9916666666666667,0.425825311076626
angle_defect_mean,crossing_sheet,2,120,False,0.4988888888888889,0.4938888888888889,0.5007638888888889,0.2916666666666667,0.0666620092022289,0.06648058001900414,,,,,,,,0.03333333333333333,0.9666666666666667,0.008333333333333333,0.06666666666666667,0.9333333333333333,0.9916666666666667,0.425825311076626
angle_defect_mean,crossing_sheet,3,120,False,0.49909722222222225,0.49291666666666667,0.5021527777777778,0.2833333333333333,0.0666620092022289,0.0687972903725288,,,,,,,,0.03333333333333333,0.9666666666666667,0.008333333333333333,0.06666666666666667,0.9333333333333333,0.9916666666666667,0.425825311076626
angle_defect_mean,floaters,1,120,False,0.5314583333333334,0.525625,0.5460416666666666,0.9416666666666667,0.0666620092022289,0.06915734619716245,,,,,,,,0.03333333333333333,0.9666666666666667,0.008333333333333333,0.06666666666666667,0.9333333333333333,0.9916666666666667,0.425825311076626
angle_defect_mean,floaters,2,120,False,0.5742361111111111,0.5572222222222222,0.6015277777777778,0.9416666666666667,0.0666620092022289,0.0827385804933688,,,,,,,,0.03333333333333333,0.9666666666666667,0.008333333333333333,0.06666666666666667,0.9333333333333333,0.9916666666666667,0.425825311076626
angle_defect_mean,floaters,3,120,False,0.668125,0.6324288194444445,0.7119513888888889,0.9416666666666667,0.0666620092022289,0.098508247595091,,,,,,,,0.03333333333333333,0.9666666666666667,0.008333333333333333,0.06666666666666667,0.9333333333333333,0.9916666666666667,0.425825311076626
angle_defect_mean,hidden_shell,1,120,False,0.51625,0.5072222222222222,0.5274322916666666,0.55,0.0666620092022289,0.0670248979258597,,,,,,,,0.03333333333333333,0.9666666666666667,0.008333333333333333,0.06666666666666667,0.9333333333333333,0.9916666666666667,0.425825311076626
angle_defect_mean,hidden_shell,2,120,False,0.51625,0.5072222222222222,0.5274322916666666,0.55,0.0666620092022289,0.0670248979258597,,,,,,,,0.03333333333333333,0.9666666666666667,0.008333333333333333,0.06666666666666667,0.9333333333333333,0.9916666666666667,0.425825311076626
angle_defect_mean,hidden_shell,3,120,False,0.51625,0.5072222222222222,0.5274322916666666,0.55,0.0666620092022289,0.0670248979258597,,,,,,,,0.03333333333333333,0.9666666666666667,0.008333333333333333,0.06666666666666667,0.9333333333333333,0.9916666666666667,0.425825311076626
angle_defect_mean,holes,1,120,False,0.5035416666666667,0.5034027777777778,0.5084027777777778,0.7916666666666666,0.0666620092022289,0.06659973143510735,,,,,,,,0.03333333333333333,0.9666666666666667,0.008333333333333333,0.06666666666666667,0.9333333333333333,0.9916666666666667,0.425825311076626
angle_defect_mean,holes,2,120,False,0.5044444444444445,0.5034027777777778,0.5104166666666666,0.8,0.0666620092022289,0.06701070036212875,,,,,,,,0.03333333333333333,0.9666666666666667,0.008333333333333333,0.06666666666666667,0.9333333333333333,0.9916666666666667,0.425825311076626
angle_defect_mean,holes,3,120,False,0.5071527777777778,0.5051371527777778,0.5132638888888889,0.7416666666666667,0.0666620092022289,0.0677049815705579,,,,,,,,0.03333333333333333,0.9666666666666667,0.008333333333333333,0.06666666666666667,0.9333333333333333,0.9916666666666667,0.425825311076626
angle_defect_mean,interpenetrating,1,120,False,0.51625,0.5072222222222222,0.5274322916666666,0.55,0.0666620092022289,0.06702489792585964,,,,,,,,0.03333333333333333,0.9666666666666667,0.008333333333333333,0.06666666666666667,0.9333333333333333,0.9916666666666667,0.425825311076626
angle_defect_mean,interpenetrating,2,120,False,0.51625,0.5072222222222222,0.5274322916666666,0.55,0.0666620092022289,0.06702489792585964,,,,,,,,0.03333333333333333,0.9666666666666667,0.008333333333333333,0.06666666666666667,0.9333333333333333,0.9916666666666667,0.425825311076626
angle_defect_mean,interpenetrating,3,120,False,0.51625,0.5072222222222222,0.5274322916666666,0.55,0.0666620092022289,0.06702489792585965,,,,,,,,0.03333333333333333,0.9666666666666667,0.008333333333333333,0.06666666666666667,0.9333333333333333,0.9916666666666667,0.425825311076626
angle_defect_mean,noise,1,120,True,0.6813888888888889,0.6540972222222222,0.7183350694444445,1.0,0.0666620092022289,0.1146895620071553,,,,,,,,0.03333333333333333,0.9666666666666667,0.008333333333333333,0.06666666666666667,0.9333333333333333,0.9916666666666667,0.425825311076626
angle_defect_mean,noise,2,120,True,0.9293055555555556,0.89375,0.9615277777777778,1.0,0.0666620092022289,0.31785164622513273,,,,,,,,0.175,0.9666666666666667,0.10833333333333334,0.24166666666666667,0.9333333333333333,0.9916666666666667,0.425825311076626
angle_defect_mean,noise,3,120,True,0.9911111111111112,0.9755555555555555,1.0,1.0,0.0666620092022289,1.0134799014563147,,,,,,,,1.0,0.9666666666666667,1.0,1.0,0.9333333333333333,0.9916666666666667,0.425825311076626
angle_defect_mean,thin_fin,1,120,False,0.535625,0.5300694444444445,0.5509722222222222,1.0,0.0666620092022289,0.06978804981492959,,,,,,,,0.03333333333333333,0.9666666666666667,0.008333333333333333,0.06666666666666667,0.9333333333333333,0.9916666666666667,0.425825311076626
angle_defect_mean,thin_fin,2,120,False,0.535625,0.5300694444444445,0.5509722222222222,1.0,0.0666620092022289,0.0697880498149296,,,,,,,,0.03333333333333333,0.9666666666666667,0.008333333333333333,0.06666666666666667,0.9333333333333333,0.9916666666666667,0.425825311076626
angle_defect_mean,thin_fin,3,120,False,0.535625,0.5300694444444445,0.5509722222222222,1.0,0.0666620092022289,0.06978804981492959,,,,,,,,0.03333333333333333,0.9666666666666667,0.008333333333333333,0.06666666666666667,0.9333333333333333,0.9916666666666667,0.425825311076626
genus_proxy,crossing_sheet,1,120,False,0.6341666666666667,0.6045130208333334,0.6746189236111111,0.9833333333333333,1.0,1.5,,,,,,,,0.03333333333333333,0.9666666666666667,0.008333333333333333,0.06666666666666667,0.9333333333333333,0.9916666666666667,48.099999999999966
genus_proxy,crossing_sheet,2,120,False,0.6370138888888889,0.6092699652777778,0.6755555555555556,0.9833333333333333,1.0,1.5,,,,,,,,0.03333333333333333,0.9666666666666667,0.008333333333333333,0.06666666666666667,0.9333333333333333,0.9916666666666667,48.099999999999966
genus_proxy,crossing_sheet,3,120,False,0.6411458333333333,0.6126736111111111,0.6795833333333333,0.9833333333333333,1.0,1.75,,,,,,,,0.03333333333333333,0.9666666666666667,0.008333333333333333,0.06666666666666667,0.9333333333333333,0.9916666666666667,48.099999999999966
genus_proxy,floaters,1,120,False,0.5,0.5,0.5,0.0,1.0,1.0,,,,,,,,0.03333333333333333,0.9666666666666667,0.008333333333333333,0.06666666666666667,0.9333333333333333,0.9916666666666667,48.099999999999966
genus_proxy,floaters,2,120,False,0.5,0.5,0.5,0.0,1.0,1.0,,,,,,,,0.03333333333333333,0.9666666666666667,0.008333333333333333,0.06666666666666667,0.9333333333333333,0.9916666666666667,48.099999999999966
genus_proxy,floaters,3,120,False,0.5,0.5,0.5,0.0,1.0,1.0,,,,,,,,0.03333333333333333,0.9666666666666667,0.008333333333333333,0.06666666666666667,0.9333333333333333,0.9916666666666667,48.099999999999966
genus_proxy,hidden_shell,1,120,False,0.5,0.5,0.5,0.0,1.0,1.0,,,,,,,,0.03333333333333333,0.9666666666666667,0.008333333333333333,0.06666666666666667,0.9333333333333333,0.9916666666666667,48.099999999999966
genus_proxy,hidden_shell,2,120,False,0.5,0.5,0.5,0.0,1.0,1.0,,,,,,,,0.03333333333333333,0.9666666666666667,0.008333333333333333,0.06666666666666667,0.9333333333333333,0.9916666666666667,48.099999999999966
genus_proxy,hidden_shell,3,120,False,0.5,0.5,0.5,0.0,1.0,1.0,,,,,,,,0.03333333333333333,0.9666666666666667,0.008333333333333333,0.06666666666666667,0.9333333333333333,0.9916666666666667,48.099999999999966
genus_proxy,holes,1,120,False,0.7254513888888889,0.6827777777777778,0.7762855902777778,1.0,1.0,2.5,,,,,,,,0.03333333333333333,0.9666666666666667,0.008333333333333333,0.06666666666666667,0.9333333333333333,0.9916666666666667,48.099999999999966
genus_proxy,holes,2,120,False,0.7304513888888889,0.6869791666666667,0.7823611111111111,0.975,1.0,3.0,,,,,,,,0.03333333333333333,0.9666666666666667,0.008333333333333333,0.06666666666666667,0.9333333333333333,0.9916666666666667,48.099999999999966
genus_proxy,holes,3,120,False,0.7286805555555556,0.6857986111111111,0.7794791666666666,0.9666666666666667,1.0,3.0,,,,,,,,0.03333333333333333,0.9666666666666667,0.008333333333333333,0.06666666666666667,0.9333333333333333,0.9916666666666667,48.099999999999966
genus_proxy,interpenetrating,1,120,False,0.5,0.5,0.5,0.0,1.0,1.0,,,,,,,,0.03333333333333333,0.9666666666666667,0.008333333333333333,0.06666666666666667,0.9333333333333333,0.9916666666666667,48.099999999999966
genus_proxy,interpenetrating,2,120,False,0.5,0.5,0.5,0.0,1.0,1.0,,,,,,,,0.03333333333333333,0.9666666666666667,0.008333333333333333,0.06666666666666667,0.9333333333333333,0.9916666666666667,48.099999999999966
genus_proxy,interpenetrating,3,120,False,0.5,0.5,0.5,0.0,1.0,1.0,,,,,,,,0.03333333333333333,0.9666666666666667,0.008333333333333333,0.06666666666666667,0.9333333333333333,0.9916666666666667,48.099999999999966
genus_proxy,noise,1,120,False,0.5,0.5,0.5,0.0,1.0,1.0,,,,,,,,0.03333333333333333,0.9666666666666667,0.008333333333333333,0.06666666666666667,0.9333333333333333,0.9916666666666667,48.099999999999966
genus_proxy,noise,2,120,False,0.5,0.5,0.5,0.0,1.0,1.0,,,,,,,,0.03333333333333333,0.9666666666666667,0.008333333333333333,0.06666666666666667,0.9333333333333333,0.9916666666666667,48.099999999999966
genus_proxy,noise,3,120,False,0.5,0.5,0.5,0.0,1.0,1.0,,,,,,,,0.03333333333333333,0.9666666666666667,0.008333333333333333,0.06666666666666667,0.9333333333333333,0.9916666666666667,48.099999999999966
genus_proxy,thin_fin,1,120,False,0.5,0.5,0.5,0.0,1.0,1.0,,,,,,,,0.03333333333333333,0.9666666666666667,0.008333333333333333,0.06666666666666667,0.9333333333333333,0.9916666666666667,48.099999999999966
genus_proxy,thin_fin,2,120,False,0.5,0.5,0.5,0.0,1.0,1.0,,,,,,,,0.03333333333333333,0.9666666666666667,0.008333333333333333,0.06666666666666667,0.9333333333333333,0.9916666666666667,48.099999999999966
genus_proxy,thin_fin,3,120,False,0.5,0.5,0.5,0.0,1.0,1.0,,,,,,,,0.03333333333333333,0.9666666666666667,0.008333333333333333,0.06666666666666667,0.9333333333333333,0.9916666666666667,48.099999999999966
winding_inconsistent_edge_frac,crossing_sheet,1,120,False,0.49993055555555554,0.49940972222222224,0.5,0.0,0.0,0.0,0.016666666666666666,0.9833333333333333,0.0,0.041666666666666664,0.9583333333333334,1.0,0.0,0.016666666666666666,0.9833333333333333,0.0,0.041666666666666664,0.9583333333333334,1.0,0.0
winding_inconsistent_edge_frac,crossing_sheet,2,120,False,0.49993055555555554,0.49940972222222224,0.5,0.0,0.0,0.0,0.016666666666666666,0.9833333333333333,0.0,0.041666666666666664,0.9583333333333334,1.0,0.0,0.016666666666666666,0.9833333333333333,0.0,0.041666666666666664,0.9583333333333334,1.0,0.0
winding_inconsistent_edge_frac,crossing_sheet,3,120,False,0.4998611111111111,0.4991319444444444,0.5,0.0,0.0,0.0,0.016666666666666666,0.9833333333333333,0.0,0.041666666666666664,0.9583333333333334,1.0,0.0,0.016666666666666666,0.9833333333333333,0.0,0.041666666666666664,0.9583333333333334,1.0,0.0
winding_inconsistent_edge_frac,floaters,1,120,False,0.49993055555555554,0.49940972222222224,0.5,0.0,0.0,0.0,0.016666666666666666,0.9833333333333333,0.0,0.041666666666666664,0.9583333333333334,1.0,0.0,0.016666666666666666,0.9833333333333333,0.0,0.041666666666666664,0.9583333333333334,1.0,0.0
winding_inconsistent_edge_frac,floaters,2,120,False,0.4998611111111111,0.4991319444444444,0.5,0.0,0.0,0.0,0.016666666666666666,0.9833333333333333,0.0,0.041666666666666664,0.9583333333333334,1.0,0.0,0.016666666666666666,0.9833333333333333,0.0,0.041666666666666664,0.9583333333333334,1.0,0.0
winding_inconsistent_edge_frac,floaters,3,120,False,0.4998611111111111,0.4991319444444444,0.5,0.0,0.0,0.0,0.016666666666666666,0.9833333333333333,0.0,0.041666666666666664,0.9583333333333334,1.0,0.0,0.016666666666666666,0.9833333333333333,0.0,0.041666666666666664,0.9583333333333334,1.0,0.0
winding_inconsistent_edge_frac,hidden_shell,1,120,False,0.4998611111111111,0.4991319444444444,0.5,0.0,0.0,0.0,0.016666666666666666,0.9833333333333333,0.0,0.041666666666666664,0.9583333333333334,1.0,0.0,0.016666666666666666,0.9833333333333333,0.0,0.041666666666666664,0.9583333333333334,1.0,0.0
winding_inconsistent_edge_frac,hidden_shell,2,120,False,0.4998611111111111,0.4991319444444444,0.5,0.0,0.0,0.0,0.016666666666666666,0.9833333333333333,0.0,0.041666666666666664,0.9583333333333334,1.0,0.0,0.016666666666666666,0.9833333333333333,0.0,0.041666666666666664,0.9583333333333334,1.0,0.0
winding_inconsistent_edge_frac,hidden_shell,3,120,False,0.4998611111111111,0.4991319444444444,0.5,0.0,0.0,0.0,0.016666666666666666,0.9833333333333333,0.0,0.041666666666666664,0.9583333333333334,1.0,0.0,0.016666666666666666,0.9833333333333333,0.0,0.041666666666666664,0.9583333333333334,1.0,0.0
winding_inconsistent_edge_frac,holes,1,120,False,0.5000694444444445,0.5,0.5005902777777778,0.016666666666666666,0.0,0.0,0.016666666666666666,0.9833333333333333,0.0,0.041666666666666664,0.9583333333333334,1.0,0.0,0.016666666666666666,0.9833333333333333,0.0,0.041666666666666664,0.9583333333333334,1.0,0.0
winding_inconsistent_edge_frac,holes,2,120,False,0.5000694444444445,0.5,0.5005902777777778,0.016666666666666666,0.0,0.0,0.016666666666666666,0.9833333333333333,0.0,0.041666666666666664,0.9583333333333334,1.0,0.0,0.016666666666666666,0.9833333333333333,0.0,0.041666666666666664,0.9583333333333334,1.0,0.0
winding_inconsistent_edge_frac,holes,3,120,False,0.5001388888888889,0.5,0.5008680555555556,0.016666666666666666,0.0,0.0,0.016666666666666666,0.9833333333333333,0.0,0.041666666666666664,0.9583333333333334,1.0,0.0,0.016666666666666666,0.9833333333333333,0.0,0.041666666666666664,0.9583333333333334,1.0,0.0
winding_inconsistent_edge_frac,interpenetrating,1,120,False,0.4998611111111111,0.4991319444444444,0.5,0.0,0.0,0.0,0.016666666666666666,0.9833333333333333,0.0,0.041666666666666664,0.9583333333333334,1.0,0.0,0.016666666666666666,0.9833333333333333,0.0,0.041666666666666664,0.9583333333333334,1.0,0.0
winding_inconsistent_edge_frac,interpenetrating,2,120,False,0.4998611111111111,0.4991319444444444,0.5,0.0,0.0,0.0,0.016666666666666666,0.9833333333333333,0.0,0.041666666666666664,0.9583333333333334,1.0,0.0,0.016666666666666666,0.9833333333333333,0.0,0.041666666666666664,0.9583333333333334,1.0,0.0
winding_inconsistent_edge_frac,interpenetrating,3,120,False,0.4998611111111111,0.4991319444444444,0.5,0.0,0.0,0.0,0.016666666666666666,0.9833333333333333,0.0,0.041666666666666664,0.9583333333333334,1.0,0.0,0.016666666666666666,0.9833333333333333,0.0,0.041666666666666664,0.9583333333333334,1.0,0.0
winding_inconsistent_edge_frac,noise,1,120,False,0.5,0.5,0.5,0.0,0.0,0.0,0.016666666666666666,0.9833333333333333,0.0,0.041666666666666664,0.9583333333333334,1.0,0.0,0.016666666666666666,0.9833333333333333,0.0,0.041666666666666664,0.9583333333333334,1.0,0.0
winding_inconsistent_edge_frac,noise,2,120,False,0.5,0.5,0.5,0.0,0.0,0.0,0.016666666666666666,0.9833333333333333,0.0,0.041666666666666664,0.9583333333333334,1.0,0.0,0.016666666666666666,0.9833333333333333,0.0,0.041666666666666664,0.9583333333333334,1.0,0.0
winding_inconsistent_edge_frac,noise,3,120,False,0.5,0.5,0.5,0.0,0.0,0.0,0.016666666666666666,0.9833333333333333,0.0,0.041666666666666664,0.9583333333333334,1.0,0.0,0.016666666666666666,0.9833333333333333,0.0,0.041666666666666664,0.9583333333333334,1.0,0.0
winding_inconsistent_edge_frac,thin_fin,1,120,False,0.49993055555555554,0.49940972222222224,0.5,0.0,0.0,0.0,0.016666666666666666,0.9833333333333333,0.0,0.041666666666666664,0.9583333333333334,1.0,0.0,0.016666666666666666,0.9833333333333333,0.0,0.041666666666666664,0.9583333333333334,1.0,0.0
winding_inconsistent_edge_frac,thin_fin,2,120,False,0.49993055555555554,0.49940972222222224,0.5,0.0,0.0,0.0,0.016666666666666666,0.9833333333333333,0.0,0.041666666666666664,0.9583333333333334,1.0,0.0,0.016666666666666666,0.9833333333333333,0.0,0.041666666666666664,0.9583333333333334,1.0,0.0
winding_inconsistent_edge_frac,thin_fin,3,120,False,0.49993055555555554,0.49940972222222224,0.5,0.0,0.0,0.0,0.016666666666666666,0.9833333333333333,0.0,0.041666666666666664,0.9583333333333334,1.0,0.0,0.016666666666666666,0.9833333333333333,0.0,0.041666666666666664,0.9583333333333334,1.0,0.0
nonmanifold_edge_frac,crossing_sheet,1,120,False,0.499375,0.49746527777777777,0.49993055555555554,0.0,0.0,0.0,0.05,0.95,0.016666666666666666,0.09166666666666666,0.9083333333333333,0.9833333333333333,0.0,0.05,0.95,0.016666666666666666,0.09166666666666666,0.9083333333333333,0.9833333333333333,0.0
nonmanifold_edge_frac,crossing_sheet,2,120,False,0.499375,0.49746527777777777,0.49993055555555554,0.0,0.0,0.0,0.05,0.95,0.016666666666666666,0.09166666666666666,0.9083333333333333,0.9833333333333333,0.0,0.05,0.95,0.016666666666666666,0.09166666666666666,0.9083333333333333,0.9833333333333333,0.0
nonmanifold_edge_frac,crossing_sheet,3,120,False,0.49930555555555556,0.49722222222222223,0.49993055555555554,0.0,0.0,0.0,0.05,0.95,0.016666666666666666,0.09166666666666666,0.9083333333333333,0.9833333333333333,0.0,0.05,0.95,0.016666666666666666,0.09166666666666666,0.9083333333333333,0.9833333333333333,0.0
nonmanifold_edge_frac,floaters,1,120,False,0.499375,0.49746527777777777,0.49993055555555554,0.0,0.0,0.0,0.05,0.95,0.016666666666666666,0.09166666666666666,0.9083333333333333,0.9833333333333333,0.0,0.05,0.95,0.016666666666666666,0.09166666666666666,0.9083333333333333,0.9833333333333333,0.0
nonmanifold_edge_frac,floaters,2,120,False,0.49930555555555556,0.49722222222222223,0.49993055555555554,0.0,0.0,0.0,0.05,0.95,0.016666666666666666,0.09166666666666666,0.9083333333333333,0.9833333333333333,0.0,0.05,0.95,0.016666666666666666,0.09166666666666666,0.9083333333333333,0.9833333333333333,0.0
nonmanifold_edge_frac,floaters,3,120,False,0.49930555555555556,0.49722222222222223,0.49993055555555554,0.0,0.0,0.0,0.05,0.95,0.016666666666666666,0.09166666666666666,0.9083333333333333,0.9833333333333333,0.0,0.05,0.95,0.016666666666666666,0.09166666666666666,0.9083333333333333,0.9833333333333333,0.0
nonmanifold_edge_frac,hidden_shell,1,120,False,0.49930555555555556,0.49722222222222223,0.49993055555555554,0.0,0.0,0.0,0.05,0.95,0.016666666666666666,0.09166666666666666,0.9083333333333333,0.9833333333333333,0.0,0.05,0.95,0.016666666666666666,0.09166666666666666,0.9083333333333333,0.9833333333333333,0.0
nonmanifold_edge_frac,hidden_shell,2,120,False,0.49930555555555556,0.49722222222222223,0.49993055555555554,0.0,0.0,0.0,0.05,0.95,0.016666666666666666,0.09166666666666666,0.9083333333333333,0.9833333333333333,0.0,0.05,0.95,0.016666666666666666,0.09166666666666666,0.9083333333333333,0.9833333333333333,0.0
nonmanifold_edge_frac,hidden_shell,3,120,False,0.49930555555555556,0.49722222222222223,0.49993055555555554,0.0,0.0,0.0,0.05,0.95,0.016666666666666666,0.09166666666666666,0.9083333333333333,0.9833333333333333,0.0,0.05,0.95,0.016666666666666666,0.09166666666666666,0.9083333333333333,0.9833333333333333,0.0
nonmanifold_edge_frac,holes,1,120,False,0.500625,0.5000694444444445,0.5025347222222222,0.05,0.0,0.0,0.05,0.95,0.016666666666666666,0.09166666666666666,0.9083333333333333,0.9833333333333333,0.0,0.05,0.95,0.016666666666666666,0.09166666666666666,0.9083333333333333,0.9833333333333333,0.0
nonmanifold_edge_frac,holes,2,120,False,0.500625,0.5000694444444445,0.5025347222222222,0.05,0.0,0.0,0.05,0.95,0.016666666666666666,0.09166666666666666,0.9083333333333333,0.9833333333333333,0.0,0.05,0.95,0.016666666666666666,0.09166666666666666,0.9083333333333333,0.9833333333333333,0.0
nonmanifold_edge_frac,holes,3,120,False,0.5006944444444444,0.5000694444444445,0.5027777777777778,0.05,0.0,0.0,0.05,0.95,0.016666666666666666,0.09166666666666666,0.9083333333333333,0.9833333333333333,0.0,0.05,0.95,0.016666666666666666,0.09166666666666666,0.9083333333333333,0.9833333333333333,0.0
nonmanifold_edge_frac,interpenetrating,1,120,False,0.49930555555555556,0.49722222222222223,0.49993055555555554,0.0,0.0,0.0,0.05,0.95,0.016666666666666666,0.09166666666666666,0.9083333333333333,0.9833333333333333,0.0,0.05,0.95,0.016666666666666666,0.09166666666666666,0.9083333333333333,0.9833333333333333,0.0
nonmanifold_edge_frac,interpenetrating,2,120,False,0.49930555555555556,0.49722222222222223,0.49993055555555554,0.0,0.0,0.0,0.05,0.95,0.016666666666666666,0.09166666666666666,0.9083333333333333,0.9833333333333333,0.0,0.05,0.95,0.016666666666666666,0.09166666666666666,0.9083333333333333,0.9833333333333333,0.0
nonmanifold_edge_frac,interpenetrating,3,120,False,0.49930555555555556,0.49722222222222223,0.49993055555555554,0.0,0.0,0.0,0.05,0.95,0.016666666666666666,0.09166666666666666,0.9083333333333333,0.9833333333333333,0.0,0.05,0.95,0.016666666666666666,0.09166666666666666,0.9083333333333333,0.9833333333333333,0.0
nonmanifold_edge_frac,noise,1,120,False,0.5,0.5,0.5,0.0,0.0,0.0,0.05,0.95,0.016666666666666666,0.09166666666666666,0.9083333333333333,0.9833333333333333,0.0,0.05,0.95,0.016666666666666666,0.09166666666666666,0.9083333333333333,0.9833333333333333,0.0
nonmanifold_edge_frac,noise,2,120,False,0.5,0.5,0.5,0.0,0.0,0.0,0.05,0.95,0.016666666666666666,0.09166666666666666,0.9083333333333333,0.9833333333333333,0.0,0.05,0.95,0.016666666666666666,0.09166666666666666,0.9083333333333333,0.9833333333333333,0.0
nonmanifold_edge_frac,noise,3,120,False,0.5,0.5,0.5,0.0,0.0,0.0,0.05,0.95,0.016666666666666666,0.09166666666666666,0.9083333333333333,0.9833333333333333,0.0,0.05,0.95,0.016666666666666666,0.09166666666666666,0.9083333333333333,0.9833333333333333,0.0
nonmanifold_edge_frac,thin_fin,1,120,False,0.499375,0.49746527777777777,0.49993055555555554,0.0,0.0,0.0,0.05,0.95,0.016666666666666666,0.09166666666666666,0.9083333333333333,0.9833333333333333,0.0,0.05,0.95,0.016666666666666666,0.09166666666666666,0.9083333333333333,0.9833333333333333,0.0
nonmanifold_edge_frac,thin_fin,2,120,False,0.499375,0.49746527777777777,0.49993055555555554,0.0,0.0,0.0,0.05,0.95,0.016666666666666666,0.09166666666666666,0.9083333333333333,0.9833333333333333,0.0,0.05,0.95,0.016666666666666666,0.09166666666666666,0.9083333333333333,0.9833333333333333,0.0
nonmanifold_edge_frac,thin_fin,3,120,False,0.499375,0.49746527777777777,0.49993055555555554,0.0,0.0,0.0,0.05,0.95,0.016666666666666666,0.09166666666666666,0.9083333333333333,0.9833333333333333,0.0,0.05,0.95,0.016666666666666666,0.09166666666666666,0.9083333333333333,0.9833333333333333,0.0
sliver_face_frac,crossing_sheet,1,120,False,0.49430555555555555,0.48746527777777776,0.4948263888888889,0.13333333333333333,0.00405,0.00413050027021515,,,,,,,,0.0,1.0,0.0,0.0,1.0,1.0,0.17857177281610098
sliver_face_frac,crossing_sheet,2,120,False,0.4948611111111111,0.4887152777777778,0.49677083333333333,0.25,0.00405,0.00393028042626965,,,,,,,,0.0,1.0,0.0,0.0,1.0,1.0,0.17857177281610098
sliver_face_frac,crossing_sheet,3,120,False,0.5003472222222223,0.49506944444444445,0.5047916666666666,0.425,0.00405,0.00406490935510595,,,,,,,,0.0,1.0,0.0,0.0,1.0,1.0,0.17857177281610098
sliver_face_frac,floaters,1,120,False,0.490625,0.48336805555555556,0.48899305555555556,0.0,0.00405,0.004017857142857101,,,,,,,,0.0,1.0,0.0,0.0,1.0,1.0,0.17857177281610098
sliver_face_frac,floaters,2,120,False,0.48715277777777777,0.47968663194444444,0.48597222222222225,0.0,0.00405,0.003955078125,,,,,,,,0.0,1.0,0.0,0.0,1.0,1.0,0.17857177281610098
sliver_face_frac,floaters,3,120,False,0.4756944444444444,0.46649305555555554,0.4762152777777778,0.0,0.00405,0.0037160329437292998,,,,,,,,0.0,1.0,0.0,0.0,1.0,1.0,0.17857177281610098
sliver_face_frac,hidden_shell,1,120,False,0.48527777777777775,0.4773611111111111,0.4844791666666667,0.0,0.00405,0.0039244186046511,,,,,,,,0.0,1.0,0.0,0.0,1.0,1.0,0.17857177281610098
sliver_face_frac,hidden_shell,2,120,False,0.48527777777777775,0.4773611111111111,0.4844791666666667,0.0,0.00405,0.0039244186046511,,,,,,,,0.0,1.0,0.0,0.0,1.0,1.0,0.17857177281610098
sliver_face_frac,hidden_shell,3,120,False,0.48527777777777775,0.4773611111111111,0.4844791666666667,0.0,0.00405,0.0039244186046511,,,,,,,,0.0,1.0,0.0,0.0,1.0,1.0,0.17857177281610098
sliver_face_frac,holes,1,120,False,0.5065972222222223,0.5071875,0.5135425347222222,0.9,0.00405,0.00406224094775895,,,,,,,,0.0,1.0,0.0,0.0,1.0,1.0,0.17857177281610098
sliver_face_frac,holes,2,120,False,0.5047916666666666,0.5030555555555556,0.5111111111111111,0.7333333333333333,0.00405,0.00407517524717665,,,,,,,,0.0,1.0,0.0,0.0,1.0,1.0,0.17857177281610098
sliver_face_frac,holes,3,120,False,0.5034027777777778,0.5003819444444444,0.5085763888888889,0.6083333333333333,0.00405,0.00381242054866395,,,,,,,,0.0,1.0,0.0,0.0,1.0,1.0,0.17857177281610098
sliver_face_frac,interpenetrating,1,120,False,0.48527777777777775,0.4773611111111111,0.4844791666666667,0.0,0.00405,0.0039244186046511,,,,,,,,0.0,1.0,0.0,0.0,1.0,1.0,0.17857177281610098
sliver_face_frac,interpenetrating,2,120,False,0.48527777777777775,0.4773611111111111,0.4844791666666667,0.0,0.00405,0.0039244186046511,,,,,,,,0.0,1.0,0.0,0.0,1.0,1.0,0.17857177281610098
sliver_face_frac,interpenetrating,3,120,False,0.48527777777777775,0.4773611111111111,0.4844791666666667,0.0,0.00405,0.0039244186046511,,,,,,,,0.0,1.0,0.0,0.0,1.0,1.0,0.17857177281610098
sliver_face_frac,noise,1,120,False,0.4595138888888889,0.4440277777777778,0.46899305555555554,0.11666666666666667,0.00405,0.0030985709452972,,,,,,,,0.0,1.0,0.0,0.0,1.0,1.0,0.17857177281610098
sliver_face_frac,noise,2,120,False,0.44732638888888887,0.4260407986111111,0.46531336805555557,0.19166666666666668,0.00405,0.0033176470588235,,,,,,,,0.0,1.0,0.0,0.0,1.0,1.0,0.17857177281610098
sliver_face_frac,noise,3,120,False,0.5178472222222222,0.46656163194444444,0.5698628472222222,0.43333333333333335,0.00405,0.00398453083655605,,,,,,,,0.0,1.0,0.0,0.0,1.0,1.0,0.17857177281610098
sliver_face_frac,thin_fin,1,120,False,0.5702777777777778,0.5570833333333334,0.5947916666666667,1.0,0.00405,0.0049440671194566,,,,,,,,0.0,1.0,0.0,0.0,1.0,1.0,0.17857177281610098
sliver_face_frac,thin_fin,2,120,False,0.5702777777777778,0.5570833333333334,0.5947916666666667,1.0,0.00405,0.0049440671194566,,,,,,,,0.0,1.0,0.0,0.0,1.0,1.0,0.17857177281610098
sliver_face_frac,thin_fin,3,120,False,0.5702777777777778,0.5570833333333334,0.5947916666666667,1.0,0.00405,0.0049440671194566,,,,,,,,0.0,1.0,0.0,0.0,1.0,1.0,0.17857177281610098
