defect,crossing_sheet,crossing_sheet,crossing_sheet,floaters,floaters,floaters,hidden_shell,hidden_shell,hidden_shell,holes,holes,holes,interpenetrating,interpenetrating,interpenetrating,noise,noise,noise,thin_fin,thin_fin,thin_fin
severity,1,2,3,1,2,3,1,2,3,1,2,3,1,2,3,1,2,3,1,2,3
check,,,,,,,,,,,,,,,,,,,,,
angle_defect_mean,0.5,0.5,0.5,0.53,0.57,0.67,0.52,0.52,0.52,0.5,0.5,0.51,0.52,0.52,0.52,0.68,0.93,0.99,0.54,0.54,0.54
boundary_edge_frac,1.0,1.0,1.0,0.5,0.5,0.5,0.5,0.5,0.5,1.0,1.0,1.0,0.5,0.5,0.5,0.5,0.5,0.5,0.5,0.5,0.5
dihedral_mean_deg,0.5,0.5,0.5,0.51,0.51,0.54,0.5,0.51,0.52,0.5,0.5,0.5,0.51,0.51,0.52,0.75,0.97,1.0,0.56,0.56,0.56
genus_proxy,0.63,0.64,0.64,0.5,0.5,0.5,0.5,0.5,0.5,0.73,0.73,0.73,0.5,0.5,0.5,0.5,0.5,0.5,0.5,0.5,0.5
hidden_surface_frac,0.79,0.84,0.89,0.51,0.53,0.58,0.81,0.87,0.91,0.49,0.49,0.49,0.83,0.9,0.94,0.53,0.66,0.86,0.89,0.89,0.89
n_boundary_loops,1.0,1.0,1.0,0.5,0.5,0.5,0.5,0.5,0.5,1.0,1.0,1.0,0.5,0.5,0.5,0.5,0.5,0.5,0.5,0.5,0.5
n_components,0.93,0.93,0.93,0.91,0.97,1.0,0.91,0.91,0.91,0.5,0.51,0.56,0.91,0.91,0.91,0.5,0.5,0.5,0.91,0.91,0.91
n_small_components,1.0,0.67,0.61,1.0,1.0,1.0,0.86,0.68,0.56,0.5,0.51,0.57,0.68,0.5,0.5,0.5,0.5,0.5,0.5,0.5,0.5
nonmanifold_edge_frac,0.5,0.5,0.5,0.5,0.5,0.5,0.5,0.5,0.5,0.5,0.5,0.5,0.5,0.5,0.5,0.5,0.5,0.5,0.5,0.5,0.5
self_intersect_face_frac,0.94,0.96,0.98,0.51,0.52,0.63,0.5,0.5,0.5,0.5,0.5,0.5,0.97,0.98,0.99,0.67,0.93,1.0,0.97,0.97,0.96
sliver_face_frac,0.49,0.49,0.5,0.49,0.49,0.48,0.49,0.49,0.49,0.51,0.5,0.5,0.49,0.49,0.49,0.46,0.45,0.52,0.57,0.57,0.57
thin_frac_0.005,0.76,0.81,0.86,0.5,0.51,0.55,0.5,0.49,0.51,0.5,0.5,0.5,0.68,0.76,0.8,0.68,0.89,0.96,0.65,0.95,0.95
thin_frac_0.01,0.62,0.66,0.7,0.5,0.51,0.52,0.5,0.5,0.52,0.5,0.5,0.5,0.58,0.62,0.65,0.57,0.73,0.9,0.83,0.83,0.83
winding_inconsistent_edge_frac,0.5,0.5,0.5,0.5,0.5,0.5,0.5,0.5,0.5,0.5,0.5,0.5,0.5,0.5,0.5,0.5,0.5,0.5,0.5,0.5,0.5
