defect,vlm,MCC_vlm,MCC_fusion,MCC_probe,silver_vlm_mcc
q_fused_incomplete,claude_haiku_4_5,0.0,0.2548782332688035,0.24109364448834592,-0.012797355099013988
q_fused_incomplete,claude_opus_4_7,0.21700482598854123,0.2520061555710919,0.24109364448834592,0.20164440942513548
q_fused_incomplete,claude_sonnet_4_6,0.12586945164231905,0.2793638175537574,0.24109364448834592,0.0442364229797265
q_fused_incomplete,gemini_2_5_pro,0.29855240775855724,0.2721793710866935,0.24109364448834592,0.24096684243303534
q_fused_incomplete,gemini_3_1_flash_lite,0.30840587224702926,0.21615961533065342,0.24109364448834592,0.25704023758921124
q_fused_incomplete,gemini_3_1_pro,0.4634345940204381,0.41638927950832755,0.24109364448834592,0.3365881998249705
q_fused_incomplete,gpt_4o,0.0450626583231,0.22622682024127247,0.24109364448834592,0.04750374844131648
q_fused_incomplete,gpt_5_4,0.23966957673883094,0.1478399731434432,0.24109364448834592,0.1929311156568919
q_fused_incomplete,gpt_5_mini,0.1620189822146577,0.1422425638828321,0.24109364448834592,0.14293900184524844
q_fused_incomplete,mistral_small_3_1_24b,0.022244781074562153,0.22088625083177477,0.24109364448834592,0.047941343659757815
q_fused_incomplete,qwen2_5_vl_7b,-0.04498677054212187,0.2647369664085417,0.24109364448834592,0.0
q_fused_incomplete,qwen_3_5_397b_a17b,0.10988481229930176,0.20135910320612332,0.24109364448834592,0.13237407313143187
q_form_surface,claude_haiku_4_5,-0.004833842823047917,-0.004833842823047917,0.28751140606776887,0.06672530640444937
q_form_surface,claude_opus_4_7,0.2589063741851847,0.2589063741851847,0.28751140606776887,0.13088412830022367
q_form_surface,claude_sonnet_4_6,0.2436981751373431,0.2436981751373431,0.28751140606776887,0.1384517254207373
q_form_surface,gemini_2_5_pro,0.33183570714633587,0.33183570714633587,0.28751140606776887,0.09184633946805451
q_form_surface,gemini_3_1_flash_lite,0.1479282900547712,0.1479282900547712,0.28751140606776887,0.1548823341221227
q_form_surface,gemini_3_1_pro,0.3620533658635958,0.3620533658635958,0.28751140606776887,0.10160050866856014
q_form_surface,gpt_4o,0.08000273435568271,0.08000273435568271,0.28751140606776887,0.07644234652067056
q_form_surface,gpt_5_4,0.38401940308610094,0.38401940308610094,0.28751140606776887,0.19464138494483121
q_form_surface,gpt_5_mini,-0.024644066610336957,-0.024644066610336957,0.28751140606776887,0.1617917852742428
q_form_surface,mistral_small_3_1_24b,-0.15397769684603976,0.0,0.28751140606776887,0.004548091873860241
q_form_surface,qwen2_5_vl_7b,0.12989174348310134,0.12989174348310134,0.28751140606776887,0.08842303014823993
q_form_surface,qwen_3_5_397b_a17b,0.25374774349557044,0.25374774349557044,0.28751140606776887,0.09819848778449068
q_extra_geometry,claude_haiku_4_5,-0.04742231080640093,0.24332431948934205,0.28713701443102163,0.06915792928989949
q_extra_geometry,claude_opus_4_7,0.36037324413206145,0.4844844269350164,0.28713701443102163,0.22671125607254486
q_extra_geometry,claude_sonnet_4_6,0.1554091678201185,0.38362687289130337,0.28713701443102163,0.16695641939196493
q_extra_geometry,gemini_2_5_pro,0.39344093119017337,0.39344093119017337,0.28713701443102163,0.2826234610487648
q_extra_geometry,gemini_3_1_flash_lite,0.4325925554820793,0.47391304347826085,0.28713701443102163,0.27547411390712484
q_extra_geometry,gemini_3_1_pro,0.17891066950073595,0.32504180333157684,0.28713701443102163,0.239838760042661
q_extra_geometry,gpt_4o,0.39965262694272663,0.39965262694272663,0.28713701443102163,0.19814262855025758
q_extra_geometry,gpt_5_4,0.2695280719514513,0.2695280719514513,0.28713701443102163,0.3867752453206761
q_extra_geometry,gpt_5_mini,0.41249428349935935,0.6980602664478336,0.28713701443102163,0.29230669869543535
q_extra_geometry,mistral_small_3_1_24b,0.2254254980353404,0.1356043650600025,0.28713701443102163,-0.034105333972936996
q_extra_geometry,qwen2_5_vl_7b,0.0,0.28713701443102163,0.28713701443102163,-0.020010230065941232
q_extra_geometry,qwen_3_5_397b_a17b,0.1356043650600025,0.16662330663520922,0.28713701443102163,0.19521300619190404
q_missing_parts,claude_haiku_4_5,0.14079494070214618,0.2615729566352723,0.02379334336334003,0.1641505315155047
q_missing_parts,claude_opus_4_7,0.09624881293862725,0.09624881293862725,0.02379334336334003,0.30389576719257033
q_missing_parts,claude_sonnet_4_6,0.21868150364375893,0.2710914423631551,0.02379334336334003,0.2386306279661389
q_missing_parts,gemini_2_5_pro,0.42991136445920175,0.4100744048711776,0.02379334336334003,0.29269850360547284
q_missing_parts,gemini_3_1_flash_lite,0.4095141796739611,0.4095141796739611,0.02379334336334003,0.22124117611711686
q_missing_parts,gemini_3_1_pro,0.3876893111949661,0.3736489349242793,0.02379334336334003,0.29075025444824076
q_missing_parts,gpt_4o,0.2905649647954381,0.2672366300424669,0.02379334336334003,0.25009883895655655
q_missing_parts,gpt_5_4,0.23078316568852547,0.15048231635721152,0.02379334336334003,0.2713703176869021
q_missing_parts,gpt_5_mini,0.20020484312926598,0.11822535255904579,0.02379334336334003,0.22323584953111034
q_missing_parts,mistral_small_3_1_24b,0.17966445081877086,0.16863313074529238,0.02379334336334003,0.15391633269375238
q_missing_parts,qwen2_5_vl_7b,0.0,0.01658102184832827,0.02379334336334003,0.08336780948588313
q_missing_parts,qwen_3_5_397b_a17b,0.3431418769396695,0.24522764600974933,0.02379334336334003,0.2221157702512275
q_pose_placement,claude_haiku_4_5,-0.016260162601626018,-0.016260162601626018,-0.047088160934801115,0.32595325953259535
q_pose_placement,claude_opus_4_7,-0.031057783517914012,-0.031057783517914012,-0.047088160934801115,0.19101444265500392
q_pose_placement,claude_sonnet_4_6,-0.01999600119960014,-0.01999600119960014,-0.047088160934801115,0.3003431213136536
q_pose_placement,gemini_2_5_pro,-0.043443530035834434,-0.043443530035834434,-0.047088160934801115,0.15287859082389502
q_pose_placement,gemini_3_1_flash_lite,-0.031057783517914012,-0.031057783517914012,-0.047088160934801115,0.22911550496223154
q_pose_placement,gemini_3_1_pro,0.09971416661242091,0.09971416661242091,-0.047088160934801115,0.07936233132535947
q_pose_placement,gpt_4o,0.0,0.0,-0.047088160934801115,0.2796044897271781
q_pose_placement,gpt_5_4,-0.037602223109147265,-0.037602223109147265,-0.047088160934801115,0.15564459624841442
q_pose_placement,gpt_5_mini,-0.037602223109147265,-0.037602223109147265,-0.047088160934801115,0.2464746793063231
q_pose_placement,mistral_small_3_1_24b,-0.016260162601626018,-0.016260162601626018,-0.047088160934801115,0.2464746793063231
q_pose_placement,qwen2_5_vl_7b,0.0,-0.057300105268575804,-0.047088160934801115,0.0
q_pose_placement,qwen_3_5_397b_a17b,-0.03334375488535702,0.0,-0.047088160934801115,0.08591072001814988
