defect,feature,AUROC,p,n_pos,n_neg,q_BH
q_fused_incomplete,n_faces,0.6414565826330533,0.06740652113213103,17,84,0.16139401089408767
q_fused_incomplete,duplicate_face_frac,0.5,,17,84,
q_fused_incomplete,boundary_edge_frac,0.5528711484593838,0.02062927296770017,17,84,0.06620693468892952
q_fused_incomplete,boundary_length,0.5535714285714286,0.018998306481452495,17,84,0.06620693468892952
q_fused_incomplete,n_boundary_loops,0.5532212885154062,0.019794985514428567,17,84,0.06620693468892952
q_fused_incomplete,winding_inconsistent_edge_frac,0.49404761904761907,0.67199987100962,17,84,0.79973538368087
q_fused_incomplete,n_components,0.6642156862745098,0.013014979007605051,17,84,0.052059916030420206
q_fused_incomplete,largest_component_area_frac,0.3067226890756303,0.012353485880495384,17,84,0.052059916030420206
q_fused_incomplete,n_small_components,0.5507703081232492,0.2906827537250569,17,84,0.4839950953477578
q_fused_incomplete,small_component_area_frac,0.5416666666666666,0.3866580182004289,17,84,0.5828632179040849
q_fused_incomplete,n_large_components,0.667717086834734,0.010347110650424375,17,84,0.04656199792690969
q_fused_incomplete,genus_proxy,0.7626050420168067,0.0004043576485896353,17,84,0.006137703589579504
q_fused_incomplete,tri_quality_median,0.4012605042016807,0.20221305400697087,17,84,0.383140523381629
q_fused_incomplete,tri_quality_p05,0.43277310924369744,0.38603967749382384,17,84,0.5828632179040849
q_fused_incomplete,sliver_face_frac,0.5567226890756303,0.46497967767295123,17,84,0.6500686755816018
q_fused_incomplete,sliver_area_frac,0.5567226890756303,0.46497967767295123,17,84,0.6500686755816018
q_fused_incomplete,edge_length_cv,0.48949579831932766,0.8952914459189485,17,84,0.9342171609589027
q_fused_incomplete,dihedral_mean_deg,0.7703081232492996,0.00046690959844964596,17,84,0.006137703589579504
q_fused_incomplete,dihedral_gt30_lenfrac,0.7184873949579832,0.0046930312024385246,17,84,0.025992172813505673
q_fused_incomplete,dihedral_gt60_lenfrac,0.7535014005602241,0.0010334678691981455,17,84,0.009921291544302196
q_fused_incomplete,dihedral_gt90_lenfrac,0.7464985994397759,0.0014150468229653416,17,84,0.011320374583722733
q_fused_incomplete,angle_defect_mean,0.7549019607843137,0.0009690255055661917,17,84,0.009921291544302196
q_fused_incomplete,angle_defect_p95,0.7443977591036415,0.001560350789113223,17,84,0.011825816506963373
q_fused_incomplete,self_intersect_face_frac,0.6981792717086834,0.002529399091628536,17,84,0.016556066781568596
q_fused_incomplete,self_intersect_area_frac,0.7023809523809524,0.00204279148015774,17,84,0.014708098657135727
q_fused_incomplete,hidden_surface_frac,0.755252100840336,0.0005392128764232179,17,84,0.006470554517078615
q_fused_incomplete,thickness_defined_frac,0.26400560224089636,0.0004459562239619184,17,84,0.006137703589579504
q_fused_incomplete,thin_frac_0.005,0.7776610644257702,0.0002916627687708692,17,84,0.006137703589579504
q_fused_incomplete,thin_frac_0.01,0.7703081232492998,0.00046034043898963436,17,84,0.006137703589579504
q_fused_incomplete,thickness_median,0.2696078431372549,0.002866664868370613,17,84,0.017947814828059492
q_form_surface,n_faces,0.672760996290408,0.0059330986843708884,51,37,0.03051307894819314
q_form_surface,duplicate_face_frac,0.5,,51,37,
q_form_surface,boundary_edge_frac,0.5060943296237415,0.7674084683233992,51,37,0.8500524572197652
q_form_surface,boundary_length,0.5066242713301538,0.746957082702258,51,37,0.8403267180400403
q_form_surface,n_boundary_loops,0.5063593004769475,0.7571510436445654,51,37,0.8451918626730033
q_form_surface,winding_inconsistent_edge_frac,0.4864864864864865,0.24972271639410237,51,37,0.43998575348080404
q_form_surface,n_components,0.6245363010068892,0.02688296747316868,51,37,0.0774229463227258
q_form_surface,largest_component_area_frac,0.38553259141494434,0.06836829628152324,51,37,0.16139401089408767
q_form_surface,n_small_components,0.5964493905670375,0.025922391298884295,51,37,0.07618008871508854
q_form_surface,small_component_area_frac,0.5945945945945945,0.02899687641092018,51,37,0.08187353339553934
q_form_surface,n_large_components,0.6094329623741388,0.05083026866687148,51,37,0.1307064051433838
q_form_surface,genus_proxy,0.7620561738208798,2.158936578859363e-05,51,37,0.0010362895578524944
q_form_surface,tri_quality_median,0.5060943296237415,0.9259172707405721,51,37,0.9523720499045885
q_form_surface,tri_quality_p05,0.5352411234764176,0.5769150894544941,51,37,0.7552342989222469
q_form_surface,sliver_face_frac,0.4536301006889242,0.46209046113265306,51,37,0.6500686755816018
q_form_surface,sliver_area_frac,0.5543190249072601,0.38857547860272323,51,37,0.5828632179040849
q_form_surface,edge_length_cv,0.50344462109168,0.9595503447930444,51,37,0.9799663095758752
q_form_surface,dihedral_mean_deg,0.6910439851616322,0.0023417661047659263,51,37,0.01605782471839492
q_form_surface,dihedral_gt30_lenfrac,0.6470588235294117,0.019207736292995155,51,37,0.06620693468892952
q_form_surface,dihedral_gt60_lenfrac,0.6433492315845256,0.02246904508618755,51,37,0.06740713525856265
q_form_surface,dihedral_gt90_lenfrac,0.6841547429782724,0.0033433507104128155,51,37,0.020060104262476893
q_form_surface,angle_defect_mean,0.7450980392156863,9.411820966654958e-05,51,37,0.003388255547995785
q_form_surface,angle_defect_p95,0.7239003709591945,0.0003608764562034812,51,37,0.006137703589579504
q_form_surface,self_intersect_face_frac,0.6642819289878115,0.0042590619264708,51,37,0.02453219669647181
q_form_surface,self_intersect_area_frac,0.6611022787493377,0.005064584785863396,51,37,0.02701111885793811
q_form_surface,hidden_surface_frac,0.6968733439321674,0.001373741178768139,51,37,0.011320374583722733
q_form_surface,thickness_defined_frac,0.3447270800211976,0.007217837756344738,51,37,0.03352802054560136
q_form_surface,thin_frac_0.005,0.848966613672496,2.1965093295503658e-08,51,37,3.162973434552527e-06
q_form_surface,thin_frac_0.01,0.8224695283518813,2.715466327231379e-07,51,37,1.9551357556065928e-05
q_form_surface,thickness_median,0.2893481717011128,0.0007912669601373478,51,37,0.00876480325075216
q_extra_geometry,n_faces,0.5521739130434783,0.6716725067109962,6,115,0.79973538368087
q_extra_geometry,duplicate_face_frac,0.5,,6,115,
q_extra_geometry,boundary_edge_frac,0.5760869565217391,0.021170644805979973,6,115,0.06620693468892952
q_extra_geometry,boundary_length,0.5760869565217391,0.021170644805979973,6,115,0.06620693468892952
q_extra_geometry,n_boundary_loops,0.5760869565217391,0.021167631245713935,6,115,0.06620693468892952
q_extra_geometry,winding_inconsistent_edge_frac,0.4956521739130435,0.8490374244691258,6,115,0.9192585648387527
q_extra_geometry,n_components,0.7818840579710145,0.0071165089022031305,6,115,0.03352802054560136
q_extra_geometry,largest_component_area_frac,0.3804347826086957,0.32736481265996964,6,115,0.5180278354179739
q_extra_geometry,n_small_components,0.7695652173913042,0.0004688523575373232,6,115,0.006137703589579504
q_extra_geometry,small_component_area_frac,0.7478260869565215,0.0013057412085717912,6,115,0.011320374583722733
q_extra_geometry,n_large_components,0.7398550724637681,0.020892510973278183,6,115,0.06620693468892952
q_extra_geometry,genus_proxy,0.7449275362318841,0.03916401013707396,6,115,0.10443736036553057
q_extra_geometry,tri_quality_median,0.4101449275362319,0.47231967893338006,6,115,0.653981093907757
q_extra_geometry,tri_quality_p05,0.26666666666666666,0.05383134905539479,6,115,0.13599498708731314
q_extra_geometry,sliver_face_frac,0.7260869565217392,0.06231405526935864,6,115,0.15208854167436686
q_extra_geometry,sliver_area_frac,0.7739130434782608,0.021609207849858942,6,115,0.06620693468892952
q_extra_geometry,edge_length_cv,0.736231884057971,0.050703578507314634,6,115,0.1307064051433838
q_extra_geometry,dihedral_mean_deg,0.817391304347826,0.006596349254893995,6,115,0.0327542859553357
q_extra_geometry,dihedral_gt30_lenfrac,0.7942028985507247,0.012804022925695524,6,115,0.052059916030420206
q_extra_geometry,dihedral_gt60_lenfrac,0.8057971014492754,0.011961371070152693,6,115,0.052059916030420206
q_extra_geometry,dihedral_gt90_lenfrac,0.7594202898550725,0.03303693781577202,6,115,0.08976073670700323
q_extra_geometry,angle_defect_mean,0.7884057971014493,0.014944617656857114,6,115,0.057374504088090555
q_extra_geometry,angle_defect_p95,0.7594202898550725,0.03051762634300288,6,115,0.08451034987293105
q_extra_geometry,self_intersect_face_frac,0.627536231884058,0.22838512541682188,6,115,0.41740566126422907
q_extra_geometry,self_intersect_area_frac,0.636231884057971,0.19805057455646602,6,115,0.383140523381629
q_extra_geometry,hidden_surface_frac,0.6536231884057971,0.19235173530333882,6,115,0.3794335600504218
q_extra_geometry,thickness_defined_frac,0.37681159420289856,0.25591161198397416,6,115,0.44399123043002753
q_extra_geometry,thin_frac_0.005,0.7260869565217392,0.06201790435585632,6,115,0.15208854167436686
q_extra_geometry,thin_frac_0.01,0.7144927536231884,0.07803621711999278,6,115,0.17836849627426923
q_extra_geometry,thickness_median,0.391304347826087,0.382979124220916,6,115,0.5828632179040849
q_missing_parts,n_faces,0.6068840579710144,0.23188829874931782,12,92,0.41740566126422907
q_missing_parts,duplicate_face_frac,0.5,,12,92,
q_missing_parts,boundary_edge_frac,0.4945652173913043,0.7405983370638631,12,92,0.8397335475369787
q_missing_parts,boundary_length,0.4945652173913043,0.7405983370638631,12,92,0.8397335475369787
q_missing_parts,n_boundary_loops,0.4945652173913043,0.7405983370638631,12,92,0.8397335475369787
q_missing_parts,winding_inconsistent_edge_frac,0.4945652173913043,0.7405983370638631,12,92,0.8397335475369787
q_missing_parts,n_components,0.5828804347826088,0.2789108404229099,12,92,0.4755047096766292
q_missing_parts,largest_component_area_frac,0.3931159420289855,0.23167780178052677,12,92,0.41740566126422907
q_missing_parts,n_small_components,0.47237318840579706,0.6068517017938411,12,92,0.7672178344063203
q_missing_parts,small_component_area_frac,0.47056159420289856,0.5831323725885522,12,92,0.7564960509256893
q_missing_parts,n_large_components,0.5824275362318841,0.2806798633507881,12,92,0.4755047096766292
q_missing_parts,genus_proxy,0.5688405797101449,0.42700364764155085,12,92,0.633902322271993
q_missing_parts,tri_quality_median,0.6259057971014493,0.15878699607652869,12,92,0.31757399215305737
q_missing_parts,tri_quality_p05,0.6068840579710144,0.23189203403568281,12,92,0.41740566126422907
q_missing_parts,sliver_face_frac,0.3858695652173913,0.20163934429593022,12,92,0.383140523381629
q_missing_parts,sliver_area_frac,0.42028985507246375,0.3733234007291135,12,92,0.5828632179040849
q_missing_parts,edge_length_cv,0.4094202898550724,0.3113664684484859,12,92,0.5037839489503593
q_missing_parts,dihedral_mean_deg,0.5471014492753623,0.6002891313755598,12,92,0.7672178344063203
q_missing_parts,dihedral_gt30_lenfrac,0.5090579710144927,0.9229984830324557,12,92,0.9523720499045885
q_missing_parts,dihedral_gt60_lenfrac,0.5461956521739131,0.6073807855716702,12,92,0.7672178344063203
q_missing_parts,dihedral_gt90_lenfrac,0.5588768115942029,0.5115263183547579,12,92,0.6949036777649541
q_missing_parts,angle_defect_mean,0.5389492753623188,0.6654400957925558,12,92,0.79973538368087
q_missing_parts,angle_defect_p95,0.5697463768115942,0.4363648801721868,12,92,0.6347125529777262
q_missing_parts,self_intersect_face_frac,0.5380434782608696,0.6218023307419216,12,92,0.771892548507213
q_missing_parts,self_intersect_area_frac,0.5335144927536233,0.6643870974259989,12,92,0.79973538368087
q_missing_parts,hidden_surface_frac,0.6408514492753623,0.09995190035315214,12,92,0.21347397353574987
q_missing_parts,thickness_defined_frac,0.47916666666666663,0.796432494791355,12,92,0.8754677805340086
q_missing_parts,thin_frac_0.005,0.6458333333333333,0.10002834937863234,12,92,0.21347397353574987
q_missing_parts,thin_frac_0.01,0.7164855072463767,0.015140494134357231,12,92,0.057374504088090555
q_missing_parts,thickness_median,0.35326086956521746,0.10034661758013806,12,92,0.21347397353574987
q_pose_placement,n_faces,0.16666666666666669,0.10880168691291828,2,123,0.2270643900791338
q_pose_placement,duplicate_face_frac,0.5,,2,123,
q_pose_placement,boundary_edge_frac,0.491869918699187,0.891983569349895,2,123,0.9342171609589027
q_pose_placement,boundary_length,0.491869918699187,0.891983569349895,2,123,0.9342171609589027
q_pose_placement,n_boundary_loops,0.491869918699187,0.891983569349895,2,123,0.9342171609589027
q_pose_placement,winding_inconsistent_edge_frac,0.5,,2,123,
q_pose_placement,n_components,0.3089430894308943,0.2924137034392703,2,123,0.4839950953477578
q_pose_placement,largest_component_area_frac,0.5447154471544715,0.8362641848451678,2,123,0.912288201649274
q_pose_placement,n_small_components,0.4146341463414634,0.5355806738669879,2,123,0.7142120097739602
q_pose_placement,small_component_area_frac,0.4146341463414634,0.5356590073304701,2,123,0.7142120097739602
q_pose_placement,n_large_components,0.3130081300813008,0.29837095037885875,2,123,0.48824337334722334
q_pose_placement,genus_proxy,0.16666666666666669,0.10080715416965966,2,123,0.21347397353574987
q_pose_placement,tri_quality_median,0.4268292682926829,0.7385806451612903,2,123,0.8397335475369787
q_pose_placement,tri_quality_p05,0.36991869918699183,0.5579354838709677,2,123,0.7370890796093519
q_pose_placement,sliver_face_frac,0.6747967479674797,0.43380645161290315,2,123,0.6347125529777262
q_pose_placement,sliver_area_frac,0.6504065040650406,0.4996129032258063,2,123,0.6851834101382487
q_pose_placement,edge_length_cv,0.4959349593495935,0.9919999999999999,2,123,0.9989370629370627
q_pose_placement,dihedral_mean_deg,0.4024390243902439,0.6580645161290323,2,123,0.79973538368087
q_pose_placement,dihedral_gt30_lenfrac,0.4186991869918699,0.7112258064516129,2,123,0.8394796404019038
q_pose_placement,dihedral_gt60_lenfrac,0.15853658536585363,0.1003912480844306,2,123,0.21347397353574987
q_pose_placement,dihedral_gt90_lenfrac,0.13008130081300812,0.07491075867940955,2,123,0.17398627822314475
q_pose_placement,angle_defect_mean,0.3292682926829268,0.44438709677419347,2,123,0.6399174193548386
q_pose_placement,angle_defect_p95,0.2764227642276423,0.3161290322580645,2,123,0.5058064516129032
q_pose_placement,self_intersect_face_frac,0.5264227642276422,0.8933395860037017,2,123,0.9342171609589027
q_pose_placement,self_intersect_area_frac,0.4979674796747967,1.0,2,123,1.0
q_pose_placement,hidden_surface_frac,0.18292682926829268,0.1170860945998408,2,123,0.24086282317681537
q_pose_placement,thickness_defined_frac,0.7154471544715447,0.2505474429543467,2,123,0.43998575348080404
q_pose_placement,thin_frac_0.005,0.18089430894308942,0.12328819191782563,2,123,0.2500492906502379
q_pose_placement,thin_frac_0.01,0.3943089430894309,0.6156502550381321,2,123,0.7709011889173132
q_pose_placement,thickness_median,0.4959349593495935,0.9919999999999999,2,123,0.9989370629370627
