predictor,macro_geom_MCC_5,macro_MCC_primary3
gemini_3_1_pro,0.29836042143843133,0.3347995431282566
gemini_2_5_pro,0.28205937610368675,0.3412763486983555
gemini_3_1_flash_lite,0.25347662278798533,0.29630890592795994
gpt_5_4,0.21727959887115228,0.29773901725879437
claude_opus_4_7,0.18029509474530012,0.2787614814352624
gpt_4o,0.16305659688338947,0.17490600654050312
qwen_3_5_397b_a17b,0.16180700858183744,0.1664123069516249
GeomProbe-LR,0.15848944948313506,0.2719140216623788
Generator-only,0.1492499771383889,0.1568285329557949
claude_sonnet_4_6,0.1447324594087879,0.17499226486659356
gpt_5_mini,0.14249436382475975,0.18328973303456
mistral_small_3_1_24b,0.05141937409620153,0.03123086075462093
FaceCount-LR,0.028913339441490098,0.048188899069150165
qwen2_5_vl_7b,0.016980994588195894,0.028301657646993158
claude_haiku_4_5,0.014455724894214261,-0.01741871787648295
