defect,role,predictor,n_cells,n_pos,pred_pos,MCC,F1,MCC_lo,MCC_hi,F1_lo,F1_hi,AUROC,AUROC_type,AUROC_lo,AUROC_hi
q_fused_incomplete,primary,GeomProbe-LR,101,17,39,0.24109364448834592,0.39285714285714285,0.041385241927352025,0.42970402962533655,0.2222222222222222,0.5428571428571428,0.6946778711484594,score,0.5657444985569986,0.8146164054600605
q_fused_incomplete,primary,FaceCount-LR,101,17,64,0.012507568304636488,0.2716049382716049,-0.18331614958986922,0.19925558329297138,0.14285714285714285,0.3958333333333333,0.6414565826330533,score,0.449474001608148,0.819774463543422
q_fused_incomplete,primary,Generator-only,101,17,49,0.03984279315107839,0.2727272727272727,-0.15799315258291818,0.23598361813632643,0.125,0.41027397260273946,0.5266106442577031,score,0.39080459770114945,0.6609580615000556
q_fused_incomplete,primary,claude_haiku_4_5,101,17,0,0.0,0.0,0.0,0.0,0.0,0.0,0.5,binary(=balanced acc.),0.5,0.5
q_fused_incomplete,primary,claude_opus_4_7,101,17,31,0.21700482598854123,0.375,0.0055118008081424235,0.42273511490605287,0.19047619047619047,0.5384615384615384,0.6337535014005602,binary(=balanced acc.),0.5035667656811273,0.7630118741976892
q_fused_incomplete,primary,claude_sonnet_4_6,101,17,14,0.12586945164231905,0.25806451612903225,-0.1010680726626271,0.36203049045503194,0.06451612903225806,0.45714285714285713,0.5581232492997199,binary(=balanced acc.),0.45361223741118323,0.6752151268115942
q_fused_incomplete,primary,gemini_2_5_pro,101,17,44,0.29855240775855724,0.4262295081967213,0.11088586681892362,0.46521985545742844,0.25925925925925924,0.5753424657534246,0.697829131652661,binary(=balanced acc.),0.5776379479072569,0.8052123555371804
q_fused_incomplete,primary,gemini_3_1_flash_lite,101,17,24,0.30840587224702926,0.43902439024390244,0.07515593871267386,0.5220277111736698,0.22857142857142856,0.6123233908948184,0.6754201680672269,binary(=balanced acc.),0.5439362321538084,0.8041125541125541
q_fused_incomplete,primary,gemini_3_1_pro,101,17,49,0.4634345940204381,0.5151515151515151,0.3496527610237563,0.5777477354147401,0.35714285714285715,0.6516976062530531,0.8095238095238095,binary(=balanced acc.),0.7567523115220484,0.8604651162790697
q_fused_incomplete,primary,gpt_4o,101,17,9,0.0450626583231,0.15384615384615385,-0.13764695051875125,0.2772862459202452,0.0,0.34782608695652173,0.517156862745098,binary(=balanced acc.),0.4444444444444444,0.6103695652173912
q_fused_incomplete,primary,gpt_5_4,101,17,16,0.23966957673883094,0.36363636363636365,-0.002154341731039982,0.47100372026656895,0.14285714285714285,0.56,0.6169467787114846,binary(=balanced acc.),0.4991196527683769,0.7412737764243789
q_fused_incomplete,primary,gpt_5_mini,101,17,8,0.1620189822146577,0.24,-0.09068090913378465,0.4128034381803803,0.0,0.46153846153846156,0.5584733893557423,binary(=balanced acc.),0.47093023255813954,0.6639566395663956
q_fused_incomplete,primary,mistral_small_3_1_24b,101,17,16,0.022244781074562153,0.18181818181818182,-0.15869739976265199,0.23880521869443888,0.0,0.36363636363636365,0.5108543417366946,binary(=balanced acc.),0.4207835543108338,0.6200221629528746
q_fused_incomplete,primary,qwen2_5_vl_7b,101,17,1,-0.04498677054212187,0.0,-0.08422092325413054,0.0,0.0,0.0,0.49404761904761907,binary(=balanced acc.),0.4807692307692308,0.5
q_fused_incomplete,primary,qwen_3_5_397b_a17b,101,17,25,0.10988481229930176,0.2857142857142857,-0.09825089901222492,0.3341768770159835,0.10526315789473684,0.46511627906976744,0.563375350140056,binary(=balanced acc.),0.44320917508417507,0.6941218487394957
q_form_surface,primary,GeomProbe-LR,88,51,57,0.28751140606776887,0.7222222222222222,0.08117968880493462,0.4891724859395116,0.62,0.8099173553719008,0.7101218865924748,score,0.5928352358848049,0.8187379713186496
q_form_surface,primary,FaceCount-LR,88,51,88,0.0,0.7338129496402878,0.0,0.0,0.6446280991735537,0.8108108108108109,0.672760996290408,score,0.5532863670205713,0.7850689935064934
q_form_surface,primary,Generator-only,88,51,45,0.2726536327984103,0.6666666666666666,0.06737875516631606,0.47151249433918985,0.5494505494505495,0.7676767676767676,0.6380498145204028,score,0.534108086680761,0.738604797979798
q_form_surface,primary,claude_haiku_4_5,88,51,7,-0.004833842823047917,0.13793103448275862,-0.22004105658238168,0.1960568727894706,0.03333333333333333,0.26229508196721313,0.4986751457339693,binary(=balanced acc.),0.4375,0.5545454545454546
q_form_surface,primary,claude_opus_4_7,88,51,74,0.2589063741851847,0.752,0.048435354758526984,0.45013153319923216,0.6605504587155964,0.8320029197080291,0.5959194488606253,binary(=balanced acc.),0.5167708234341727,0.6793209471288514
q_form_surface,primary,claude_sonnet_4_6,88,51,55,0.2436981751373431,0.6981132075471698,0.030966611930284556,0.4455297630285925,0.5892594537815127,0.7912202380952379,0.6195018547959724,binary(=balanced acc.),0.5151209763455101,0.7197057183315746
q_form_surface,primary,gemini_2_5_pro,88,51,61,0.33183570714633587,0.75,0.12377645983698075,0.5293209751805247,0.6538461538461539,0.8333333333333334,0.6550079491255962,binary(=balanced acc.),0.5566655982905983,0.7528301886792452
q_form_surface,primary,gemini_3_1_flash_lite,88,51,26,0.1479282900547712,0.4675324675324675,-0.05723270525912566,0.3459971315814726,0.3225806451612903,0.6,0.568362480127186,binary(=balanced acc.),0.47385868368017564,0.6625012351778655
q_form_surface,primary,gemini_3_1_pro,88,51,68,0.3620533658635958,0.773109243697479,0.15967108497987625,0.5479553712375835,0.679990291262136,0.8518518518518519,0.6536830948595654,binary(=balanced acc.),0.5639407786592338,0.7425813999682186
q_form_surface,primary,gpt_4o,88,51,15,0.08000273435568271,0.30303030303030304,-0.12747433375180628,0.27218386518313353,0.15873015873015872,0.44155844155844154,0.530471648118707,binary(=balanced acc.),0.45225162123330226,0.6060443722943722
q_form_surface,primary,gpt_5_4,88,51,65,0.38401940308610094,0.7758620689655172,0.1828475453944418,0.5703298049768946,0.6851851851851852,0.8529411764705882,0.670906200317965,binary(=balanced acc.),0.5777585638998682,0.7633382034632034
q_form_surface,primary,gpt_5_mini,88,51,18,-0.024644066610336957,0.2898550724637681,-0.23887340214048647,0.18172108231171458,0.14545454545454545,0.425,0.4899311075781664,binary(=balanced acc.),0.4016806722689076,0.574843678789536
q_form_surface,primary,mistral_small_3_1_24b,88,51,42,-0.15397769684603976,0.45161290322580644,-0.3598915220362752,0.05561715586746939,0.3191489361702128,0.5714285714285714,0.4220985691573927,binary(=balanced acc.),0.3177270338520339,0.527944043610763
q_form_surface,primary,qwen2_5_vl_7b,88,51,2,0.12989174348310134,0.07547169811320754,0.0,0.2170195402087577,0.0,0.18518518518518517,0.5196078431372549,binary(=balanced acc.),0.5,0.5510204081632653
q_form_surface,primary,qwen_3_5_397b_a17b,88,51,64,0.25374774349557044,0.7304347826086957,0.04195653014416755,0.4529108459053725,0.631578947368421,0.816,0.6144674085850557,binary(=balanced acc.),0.5189075630252101,0.7086409614248925
q_extra_geometry,primary,GeomProbe-LR,121,6,22,0.28713701443102163,0.2857142857142857,0.023785051556843382,0.5053483995015695,0.07407407407407407,0.5,0.7420289855072464,score,0.42938320825515947,0.939921052631579
q_extra_geometry,primary,FaceCount-LR,121,6,66,0.13205912890281402,0.1388888888888889,-0.038269407491371664,0.25376013512483203,0.03076923076923077,0.25,0.5521739130434783,score,0.3072062841530055,0.7266800847457627
q_extra_geometry,primary,Generator-only,121,6,59,0.15798917291789596,0.15384615384615385,-0.013191296229807822,0.28374063811108124,0.034482758620689655,0.27398603276927186,0.6818840579710146,score,0.48333333333333334,0.8
q_extra_geometry,primary,claude_haiku_4_5,121,6,5,-0.04742231080640093,0.0,-0.07679066282306657,-0.018793141604425523,0.0,0.0,0.4782608695652174,binary(=balanced acc.),0.4576271186440678,0.4955936578171091
q_extra_geometry,primary,claude_opus_4_7,121,6,16,0.36037324413206145,0.36363636363636365,0.05825115879043475,0.6105472004908031,0.09523809523809523,0.6086956521739131,0.7811594202898551,binary(=balanced acc.),0.5525862068965517,0.9612068965517242
q_extra_geometry,primary,claude_sonnet_4_6,121,6,14,0.1554091678201185,0.2,-0.07544089801119275,0.43215507716224827,0.0,0.4444444444444444,0.6144927536231884,binary(=balanced acc.),0.4358974358974359,0.8494934026242077
q_extra_geometry,primary,gemini_2_5_pro,121,6,14,0.39344093119017337,0.4,0.0722392445287929,0.654037602071811,0.10526315789473684,0.6470985691573922,0.7898550724637681,binary(=balanced acc.),0.5612891849529781,0.96875
q_extra_geometry,primary,gemini_3_1_flash_lite,121,6,7,0.4325925554820793,0.46153846153846156,-0.026915194632685248,0.7615981620738841,0.0,0.7692307692307693,0.7326086956521739,binary(=balanced acc.),0.4831932773109244,0.9826086956521739
q_extra_geometry,primary,gemini_3_1_pro,121,6,37,0.17891066950073595,0.18604651162790697,-0.03802415761726485,0.35607283231696035,0.045454545454545456,0.34615384615384615,0.6898550724637681,binary(=balanced acc.),0.4568784330180043,0.8728813559322034
q_extra_geometry,primary,gpt_4o,121,6,1,0.39965262694272663,0.2857142857142857,0.0,0.7224635174807438,0.0,0.7058823529411765,0.5833333333333334,binary(=balanced acc.),0.5,0.7727272727272727
q_extra_geometry,primary,gpt_5_4,121,6,7,0.2695280719514513,0.3076923076923077,-0.04833289274676316,0.6131754494660491,0.0,0.625,0.644927536231884,binary(=balanced acc.),0.4700854700854701,0.8814369158878506
q_extra_geometry,primary,gpt_5_mini,121,6,13,0.41249428349935935,0.42105263157894735,0.08365563276314235,0.6720940414630848,0.11764705882352941,0.6666666666666666,0.7942028985507246,binary(=balanced acc.),0.5666666666666667,0.9711870004064491
q_extra_geometry,primary,mistral_small_3_1_24b,121,6,9,0.2254254980353404,0.26666666666666666,-0.057677760190123065,0.5453472370957377,0.0,0.5555555555555556,0.636231884057971,binary(=balanced acc.),0.45901639344262296,0.8657948568088839
q_extra_geometry,primary,qwen2_5_vl_7b,121,6,0,0.0,0.0,0.0,0.0,0.0,0.0,0.5,binary(=balanced acc.),0.5,0.5
q_extra_geometry,primary,qwen_3_5_397b_a17b,121,6,16,0.1356043650600025,0.18181818181818182,-0.08331164041787185,0.3929228252238752,0.0,0.4,0.6057971014492753,binary(=balanced acc.),0.4267241379310345,0.832042299824664
q_missing_parts,neg_control,GeomProbe-LR,104,12,40,0.02379334336334003,0.19230769230769232,-0.16397435533776866,0.22876156831236574,0.045454545454545456,0.34375,0.5697463768115942,score,0.39295574312884474,0.7449532085561497
q_missing_parts,neg_control,FaceCount-LR,104,12,0,0.0,0.0,0.0,0.0,0.0,0.0,0.6068840579710144,score,0.4263497019220886,0.7725439882697946
q_missing_parts,neg_control,Generator-only,104,12,56,0.15325150845822202,0.2647058823529412,-0.02786980633572636,0.3151999882516772,0.125,0.4,0.6195652173913043,score,0.4772727272727273,0.7495535714285713
q_missing_parts,neg_control,claude_haiku_4_5,104,12,19,0.14079494070214618,0.25806451612903225,-0.08516329355234054,0.3773705388882743,0.06451612903225806,0.45714285714285713,0.5851449275362319,binary(=balanced acc.),0.44642857142857145,0.7333379120879121
q_missing_parts,neg_control,claude_opus_4_7,104,12,16,0.09624881293862725,0.21428571428571427,-0.11866519435956799,0.33113378094251494,0.0,0.4166666666666667,0.5543478260869565,binary(=balanced acc.),0.4292929292929293,0.6944444444444444
q_missing_parts,neg_control,claude_sonnet_4_6,104,12,19,0.21868150364375893,0.3225806451612903,-0.02309036040152352,0.454276422542109,0.09090909090909091,0.5263157894736842,0.6322463768115942,binary(=balanced acc.),0.4860279111644658,0.783287294023181
q_missing_parts,neg_control,gemini_2_5_pro,104,12,16,0.42991136445920175,0.5,0.1595642928498357,0.6678519024260906,0.23529411764705882,0.7058823529411765,0.7427536231884058,binary(=balanced acc.),0.5908580549155146,0.8895858134920636
q_missing_parts,neg_control,gemini_3_1_flash_lite,104,12,13,0.4095141796739611,0.48,0.1266882256371509,0.6593118654875423,0.21052631578947367,0.7,0.7119565217391304,binary(=balanced acc.),0.5621990126860058,0.8642857142857143
q_missing_parts,neg_control,gemini_3_1_pro,104,12,23,0.3876893111949661,0.45714285714285713,0.14811897761192075,0.604039751023144,0.2307142857142858,0.65,0.7518115942028986,binary(=balanced acc.),0.6025814969604862,0.890625
q_missing_parts,neg_control,gpt_4o,104,12,10,0.2905649647954381,0.36363636363636365,0.014128998282919285,0.5603974119676005,0.1,0.6,0.6340579710144928,binary(=balanced acc.),0.506043956043956,0.7797628066378066
q_missing_parts,neg_control,gpt_5_4,104,12,24,0.23078316568852547,0.3333333333333333,0.0015918855892212615,0.450582438121965,0.12903225806451613,0.5238095238095238,0.6521739130434783,binary(=balanced acc.),0.5010206993931383,0.8025315656565656
q_missing_parts,neg_control,gpt_5_mini,104,12,5,0.20020484312926598,0.23529411764705882,-0.07038802988972095,0.5044116709856777,0.0,0.5,0.5670289855072463,binary(=balanced acc.),0.47674418604651164,0.6945069875776397
q_missing_parts,neg_control,mistral_small_3_1_24b,104,12,16,0.17966445081877086,0.2857142857142857,-0.059768843493210426,0.43048393877821295,0.07407407407407407,0.5,0.6014492753623188,binary(=balanced acc.),0.46694960762973997,0.7527566964285712
q_missing_parts,neg_control,qwen2_5_vl_7b,104,12,0,0.0,0.0,0.0,0.0,0.0,0.0,0.5,binary(=balanced acc.),0.5,0.5
q_missing_parts,neg_control,qwen_3_5_397b_a17b,104,12,21,0.3431418769396695,0.42424242424242425,0.09375952237700261,0.5668028631048071,0.1875,0.6190476190476191,0.7155797101449275,binary(=balanced acc.),0.5616634615384615,0.8642207292157786
q_pose_placement,neg_control,GeomProbe-LR,125,2,15,-0.047088160934801115,0.0,-0.0795677196345252,0.0,0.0,0.0,0.5691056910569106,score,0.2845528455284553,0.8454018392642939
q_pose_placement,neg_control,FaceCount-LR,125,2,125,0.0,0.031496062992125984,0.0,0.0,0.0,0.07751937984496124,0.8333333333333334,score,0.6084375,1.0
q_pose_placement,neg_control,Generator-only,125,2,65,0.12251277836633777,0.05970149253731343,0.0,0.1990414855966328,0.0,0.14492753623188406,0.7439024390243902,score,0.6992682926829269,0.788
q_pose_placement,neg_control,claude_haiku_4_5,125,2,2,-0.016260162601626018,0.0,-0.032547227745205964,0.0,0.0,0.0,0.491869918699187,binary(=balanced acc.),0.4793388429752066,0.5
q_pose_placement,neg_control,claude_opus_4_7,125,2,7,-0.031057783517914012,0.0,-0.05454219724965955,0.0,0.0,0.0,0.4715447154471545,binary(=balanced acc.),0.4500413223140496,0.49166666666666664
q_pose_placement,neg_control,claude_sonnet_4_6,125,2,3,-0.01999600119960014,0.0,-0.03756714418984553,0.0,0.0,0.0,0.4878048780487805,binary(=balanced acc.),0.4717741935483871,0.5
q_pose_placement,neg_control,gemini_2_5_pro,125,2,13,-0.043443530035834434,0.0,-0.07408694809627496,0.0,0.0,0.0,0.44715447154471544,binary(=balanced acc.),0.4187096101730248,0.4717741935483871
q_pose_placement,neg_control,gemini_3_1_flash_lite,125,2,7,-0.031057783517914012,0.0,-0.055909465180317156,0.0,0.0,0.0,0.4715447154471545,binary(=balanced acc.),0.45,0.4915254237288136
q_pose_placement,neg_control,gemini_3_1_pro,125,2,24,0.09971416661242091,0.07692307692307693,-0.07030850726887186,0.30572955523053025,0.0,0.23076923076923078,0.6565040650406504,binary(=balanced acc.),0.384,0.9285714285714286
q_pose_placement,neg_control,gpt_4o,125,2,0,0.0,0.0,0.0,0.0,0.0,0.0,0.5,binary(=balanced acc.),0.5,0.5
q_pose_placement,neg_control,gpt_5_4,125,2,10,-0.037602223109147265,0.0,-0.06510135218540299,0.0,0.0,0.0,0.45934959349593496,binary(=balanced acc.),0.43388429752066116,0.4831932773109244
q_pose_placement,neg_control,gpt_5_mini,125,2,10,-0.037602223109147265,0.0,-0.06513389472789297,0.0,0.0,0.0,0.45934959349593496,binary(=balanced acc.),0.43388429752066116,0.48046875
q_pose_placement,neg_control,mistral_small_3_1_24b,125,2,2,-0.016260162601626018,0.0,-0.03252099776680088,0.0,0.0,0.0,0.491869918699187,binary(=balanced acc.),0.47935577834981713,0.5
q_pose_placement,neg_control,qwen2_5_vl_7b,125,2,0,0.0,0.0,0.0,0.0,0.0,0.0,0.5,binary(=balanced acc.),0.5,0.5
q_pose_placement,neg_control,qwen_3_5_397b_a17b,125,2,8,-0.03334375488535702,0.0,-0.05918506868570291,0.0,0.0,0.0,0.46747967479674796,binary(=balanced acc.),0.444,0.4878048780487805
