defect,predictor,n,n_pos,MCC,F1,AUROC
q_fused_incomplete,GeomProbe-LR,129,45,0.42376115077581883,0.6481481481481481,0.7354497354497355
q_fused_incomplete,FaceCount-LR,129,45,0.2232107672751427,0.5588235294117647,0.7355820105820106
q_fused_incomplete,Generator-only,129,45,-0.009091535251263239,0.39622641509433965,0.49523809523809526
q_form_surface,GeomProbe-LR,129,92,0.1532681583058379,0.7058823529411765,0.6398354876615746
q_form_surface,FaceCount-LR,129,92,0.0,0.832579185520362,0.6523207990599295
q_form_surface,Generator-only,129,92,0.15435256254816654,0.6274509803921569,0.5851938895417157
q_extra_geometry,GeomProbe-LR,129,14,0.2702872249043382,0.358974358974359,0.7099378881987577
q_extra_geometry,FaceCount-LR,129,14,0.15989143777995282,0.2558139534883721,0.5698757763975155
q_extra_geometry,Generator-only,129,14,0.01896111045528997,0.18666666666666668,0.5152173913043478
q_missing_parts,GeomProbe-LR,129,37,0.07286357401195792,0.38202247191011235,0.5707990599294946
q_missing_parts,FaceCount-LR,129,37,0.0,0.0,0.48266745005875444
q_missing_parts,Generator-only,129,37,0.051362145813441624,0.4,0.5283490011750881
q_pose_placement,GeomProbe-LR,129,6,-0.08011544943070564,0.0,0.41734417344173436
q_pose_placement,FaceCount-LR,129,6,0.0,0.08888888888888889,0.4573170731707318
q_pose_placement,Generator-only,129,6,0.13545679361245366,0.13513513513513514,0.660569105691057
