feature,primary,A_spearman,A_kendall,B_wg_spearman,C_wp_kendall_mean,D_twoway_fe,A_lo,A_hi,B_lo,B_hi,C_lo,C_hi,D_lo,D_hi,B_perm_p,B_q_BH_primary,B_q_BH_exploratory,verdict,generator_level_spearman_n8
orig_n_faces,False,0.3347462388020743,0.2355397265485914,0.08819930737159141,0.28718668717427015,0.03070135792517014,0.28917573337226377,0.37913255095105414,0.02797804573344467,0.14693921423659262,0.2487212995120018,0.32470960386407954,-0.04676492765252188,0.10977476984430877,0.0018998100189981002,,0.0060793920607939205,,
n_vertices,False,0.3348743992581952,0.2326864941459512,0.08457214757122275,0.28356082181992937,0.03406076234222209,0.28872660957682633,0.3793560001956747,0.024394617904727193,0.14331926029782743,0.24599246195346947,0.3201970389553239,-0.043144675640132024,0.11130096110144282,0.0021997800219978004,,0.006399360063993601,,
n_faces,False,0.3347462388020743,0.2355397265485914,0.08819930737159141,0.28718668717427015,0.03070135792517014,0.28917573337226377,0.37913255095105414,0.02797804573344467,0.14693921423659262,0.2487212995120018,0.32470960386407954,-0.04676492765252188,0.10977476984430877,0.0018998100189981002,,0.0060793920607939205,,
degenerate_face_frac,False,-0.061833832592029764,-0.048448262544235426,-0.02961001235792618,-0.03774399109412201,-0.02952225138031532,-0.10940737083042941,-0.013656116182470325,-0.08160989927323448,0.023623944194165688,-0.08420480018946981,0.009728931125387794,-0.08914038240683395,0.0291852062738757,0.29347065293470653,,0.37564243575642436,,
duplicate_face_frac,False,-0.043715361817191545,-0.035273403835279764,-0.014061019612920415,-0.03646057377846814,-0.00854178198162268,-0.09249180522799437,0.004418295504264673,-0.07163333284247514,0.0432461773021208,-0.10310382610474955,0.03189061630039334,-0.07126337321218228,0.05359604662639337,0.6082391760823918,,0.6951304869513049,,
n_edges,False,0.3315888135187797,0.2327936871630518,0.08531807141404296,0.280625110318118,0.024764175160794422,0.2866807557567757,0.3756497412312649,0.02361382433699979,0.14607898323100393,0.24367781930587634,0.3170500968313756,-0.05230227673916561,0.10264554592679323,0.0028997100289971,,0.00713774776368517,,
boundary_edge_frac,False,0.1288556588927286,0.09666733026168621,-0.03210362438239991,0.16597328244855475,0.0144878989226379,0.0718599456323635,0.18607078659124388,-0.09365668693420173,0.03029301805844986,0.11627272695173418,0.21412399228371592,-0.04441626673756724,0.07307902861338683,0.2465753424657534,,0.3430613460393091,,
boundary_length,False,0.12396707489337191,0.0923995929279167,-0.03293738381951924,0.15582569005527283,0.017652005748899774,0.06695423079934076,0.1811281420465309,-0.09480246886585839,0.02892124358149198,0.10580839905215865,0.20504819979871478,-0.04072582605817783,0.07595205079923774,0.23467653234676533,,0.3413476834134768,,
nonmanifold_edge_frac,False,0.22731704374836362,0.1747114684822998,-0.0742077449864887,0.24721332932494475,-0.022986605936863018,0.17753368139032283,0.2758702761290253,-0.13080764685098553,-0.017423045137057887,0.20579620248346256,0.2867328691436657,-0.07903617943014597,0.034309334673694666,0.0082991700829917,,0.01770489617704896,,
n_boundary_loops,False,0.19234062374107255,0.14945031212959187,-0.031195617005027602,0.2121608104615985,0.008175384549986876,0.13941845552474869,0.24423900387380984,-0.09116583215444463,0.029008796272486974,0.1649188229399881,0.25744579368043174,-0.047452010631164325,0.0635176071126656,0.26117388261173885,,0.34823184348231845,,
winding_inconsistent_edge_frac,False,-0.06258303359530891,-0.05052357822057188,-0.038355107465702136,-0.04325466575774239,-0.01830303825794579,-0.11143623883357925,-0.010676928709608562,-0.09351645329045578,0.020031003693911375,-0.10323232337535117,0.018309170684715433,-0.0692100395328121,0.034675346992778834,0.1715828417158284,,0.27453254674532546,,
n_components,False,-0.26171370428337093,-0.20319164696403333,-0.21426732609529003,-0.24034906977764647,-0.22716333070392777,-0.31673506051669365,-0.207063785830898,-0.2682542751508024,-0.157811951390521,-0.2879868295685904,-0.1924014475836403,-0.28908551050967735,-0.1651250712610899,9.999000099990002e-05,,0.0005332800053328001,,
largest_component_area_frac,False,0.23384914862275782,0.15942929999235733,0.17625236923808468,0.15312002206272787,0.17726166104464827,0.17807193062523444,0.28800891630546455,0.11896612097469457,0.23180683800809535,0.10745689045462561,0.19802553241503898,0.11687502477657613,0.23660027225170946,9.999000099990002e-05,,0.0005332800053328001,,
n_small_components,False,-0.1232907988195961,-0.0982633202272607,-0.15250948146358642,-0.1294400799641744,-0.17069624797899266,-0.17762607026981042,-0.06940411650527814,-0.20741216893815073,-0.09615678851744935,-0.18312022506105,-0.0754588030233315,-0.2345764544094757,-0.10592074694083535,9.999000099990002e-05,,0.0005332800053328001,,
small_component_area_frac,False,-0.13780668174233526,-0.10865610128675673,-0.1633473200356558,-0.12715873549294782,-0.16985422175790146,-0.19175030787630631,-0.08394711779059123,-0.21660085351850353,-0.10672983481661458,-0.17990665932424454,-0.07465141186943057,-0.23214081493616848,-0.1059381211994267,9.999000099990002e-05,,0.0005332800053328001,,
n_large_components,False,-0.2901425534569715,-0.2292745379877352,-0.19730041889402394,-0.2651660928121505,-0.19541754483171572,-0.3418334268634677,-0.2355445029487454,-0.25464433088666255,-0.13840973516306876,-0.30886666652019534,-0.22014368942389143,-0.2565848663350001,-0.13329623634726673,9.999000099990002e-05,,0.0005332800053328001,,
euler_characteristic,False,0.21270214379772456,0.1514503608420443,0.01287912540860939,0.1959791891459221,-0.024605354735562076,0.15847237909371573,0.26623630627416084,-0.044048093997696526,0.06965728065505834,0.14642101919531153,0.24371036449826664,-0.08990669614255008,0.040629313793903034,0.6424357564243576,,0.7088946277786015,,
tri_quality_median,False,-0.31297228298648466,-0.21232884893449014,-0.08256179343573108,-0.2528077712201468,-0.06351404300004153,-0.3646114238036268,-0.25976341858792745,-0.14519002726944835,-0.017269732243547165,-0.2935763352685805,-0.21060564916283764,-0.12536474604991973,0.002948808043384813,0.0032996700329967,,0.0075421029325638865,,
tri_quality_p05,False,0.026040415655104156,0.02097816315718313,0.0018234955896621159,-0.003502146825389618,0.006175071035907082,-0.0242249447782293,0.07581918826133607,-0.05761590787935356,0.06171897516164763,-0.04802700564383209,0.04124024352120893,-0.05123257749748748,0.06566562604507283,0.949005099490051,,0.949005099490051,,
sliver_face_frac,False,-0.0539049837803663,-0.03820360596402872,-0.0971722723057154,-0.005417764384926952,-0.08407729266805888,-0.10313605451099893,-0.0039822660770775595,-0.1574381215430674,-0.036226860775257656,-0.046758077827325634,0.03619457762553572,-0.1442017981307433,-0.025521356206660982,0.0006999300069993001,,0.0031996800319968005,,
sliver_area_frac,False,-0.04120924476152883,-0.02902793659467851,-0.011405598928415507,-0.00765903564534981,-0.024991048880340278,-0.09140420716100074,0.008906089500598367,-0.07671607389720231,0.05198935687963979,-0.05127400968111263,0.03640527565132339,-0.09007564559047776,0.03680943602740045,0.6846315368463154,,0.7302736393027364,,
edge_length_cv,False,0.2326624809202543,0.15747868686790362,0.05740183927497541,0.2148777267151778,0.02175700095539882,0.1807844348437486,0.2837134237999052,-0.003577008801184435,0.11732153793470018,0.17125011488778494,0.25661313267206964,-0.04188234119545181,0.08291278723824469,0.035996400359964,,0.063993600639936,,
dihedral_mean_deg,True,-0.30232941023559246,-0.21113778330259877,0.007748665984791381,-0.2666056285832587,0.0021276277773578395,-0.35616631182035285,-0.2476624247921333,-0.053340905642123224,0.06633682544322479,-0.3128182418711793,-0.21904559607095075,-0.06804466525843111,0.07000604406297838,0.7822217778222178,0.7822217778222178,,partial,-0.6904761904761906
dihedral_gt30_lenfrac,False,-0.2582505161940505,-0.1808050725322277,0.01663999391479965,-0.22374848572611583,0.03074667424554019,-0.31645601385093597,-0.1998123409140718,-0.04669298720655216,0.07649759426745971,-0.27087832745575213,-0.17527859760199907,-0.0371964783513528,0.0948455504035599,0.5606439356064393,,0.6644668866446688,,
dihedral_gt60_lenfrac,False,-0.2210043374337,-0.1547126118097442,-0.046863570788405896,-0.16258917599547695,-0.015794916980217937,-0.2826961162160185,-0.15900211439014808,-0.11018489529279642,0.015511625497303273,-0.21142807179339315,-0.11359315102140682,-0.08396262220713968,0.04799470736280001,0.0993900609939006,,0.16739378693709575,,
dihedral_gt90_lenfrac,False,-0.22162839306584167,-0.15561542594095923,-0.07156264165127274,-0.1735034900610544,-0.03777423353201403,-0.28007479489262166,-0.16359869065699098,-0.13116820161151765,-0.012152605328527041,-0.2203788762534646,-0.12600528667556288,-0.10633854405758211,0.02593751897279783,0.0117988201179882,,0.0235976402359764,,
angle_defect_mean,False,-0.28891084555972424,-0.20261444916062465,-0.019690016747741377,-0.2514516332543765,-0.014263867298747263,-0.34446425589946617,-0.23290178435843975,-0.0814174860268407,0.03873394084168828,-0.29937210346642246,-0.20253370429199752,-0.0827642959079999,0.05125531984223884,0.48195180481951805,,0.5931714520855607,,
angle_defect_p95,False,-0.28905770558328814,-0.20349979979459726,-0.036631422449004705,-0.24743424429654448,-0.023364311615906436,-0.3451297037475395,-0.23286924479429635,-0.098016010226295,0.02252669804224794,-0.2964195617178698,-0.19750378160807472,-0.09217623861137807,0.04200298162460777,0.19518048195180482,,0.29741787725989305,,
self_intersect_face_frac,True,-0.23579238105082892,-0.18216805730229044,-0.06324319881169933,-0.19865184150356094,-0.05787936512704372,-0.2833621697232992,-0.18579486531304043,-0.11461255271440106,-0.012566014972313393,-0.2442377558610408,-0.15196232811443347,-0.1134059856782802,-0.004129795164849464,0.0231976802319768,0.04175582441755824,,replicates,-0.7380952380952381
self_intersect_area_frac,False,-0.24146064640716525,-0.18731361477622196,-0.0679663867464111,-0.20992228696858495,-0.06246884985345134,-0.28908182905909896,-0.1919108169521726,-0.11759444051762961,-0.016940594169099918,-0.25552191083088466,-0.1630004328438073,-0.11890260122363805,-0.00790298124232262,0.014098590140985901,,0.026538522618326402,,
hidden_surface_frac,True,-0.2930547566655072,-0.2100383501037612,0.03984386460692556,-0.25860538546007544,-0.030103958294806922,-0.3434304615283343,-0.24233352372359543,-0.021580091217301815,0.09913778579166652,-0.3019553580120456,-0.21305684564401264,-0.09435568115661536,0.03622411610663439,0.15308469153084692,0.1968231748253746,,partial,-0.7619047619047621
thickness_defined_frac,False,0.26978571385050903,0.20232754045685888,0.08352765079281721,0.25086835007982755,0.08517553121334837,0.2097444409502336,0.3262297331001903,0.01826608345215394,0.14758744495527484,0.20092943796463675,0.2996765634534238,0.025476010203002483,0.14526617870552888,0.0024997500249975004,,0.006666000066660001,,
thin_frac_0.005,True,-0.164449300356058,-0.1175262259053501,-0.17782998985919474,-0.10325255363532575,-0.11987787838370491,-0.23113106659582688,-0.0962057627738746,-0.23386165003177511,-0.11976204238062049,-0.15744190708812061,-0.04769120884271966,-0.18540098920200468,-0.05556058127431079,9.999000099990002e-05,0.0002999700029997001,,replicates,-0.04761904761904763
thin_frac_0.01,False,-0.13044375782659892,-0.09414489595575509,-0.17234485904012808,-0.08091347078089708,-0.1276598606728562,-0.1995651040235505,-0.06047338820165385,-0.23270166347867868,-0.10910611862175168,-0.13506194606816038,-0.02631416709856721,-0.1928198108797254,-0.06112867478235175,9.999000099990002e-05,,0.0005332800053328001,,
thickness_median,False,0.08867264369716332,0.06628512584873865,0.00470010657761175,0.10574973737894171,-0.045043127850132585,0.010163623727065479,0.16572484973553395,-0.06717675579818996,0.07800779812802348,0.046002661458132636,0.1628773776455616,-0.11751930664459055,0.028751962453322295,0.8701129887011299,,0.8981811496269727,,
P_form_surface,True,0.20882132065416154,0.1400431491066027,-0.03164253774878839,0.20135613796577032,-0.01510673660629921,0.1579806616182659,0.2595215384079936,-0.09471099501864956,0.03337818467465333,0.16075549756000318,0.24247758481863832,-0.07371311794358397,0.0442848455188472,0.25517448255174485,0.287071292870713,,fails,0.6666666666666669
P_fused_incomplete,True,-0.20717301244134512,-0.14268930257779916,-0.05964504176226307,-0.17316326077480673,-0.06895683884737658,-0.2642006225148777,-0.15052419136160175,-0.11455679374409991,-0.0029437250997427482,-0.21535506159225232,-0.13072553006531298,-0.12722588330007986,-0.011044428507065532,0.0316968303169683,0.047545245475452455,,replicates,-0.7619047619047621
P_extra_geometry,True,0.023840765442628326,0.017145719943273952,-0.08261361601575462,0.07623770402035288,-0.06576115942925004,-0.03825686532843883,0.08601513754380559,-0.14120606351587625,-0.022836740805093125,0.03000896701876864,0.12020682228945227,-0.1305040022756136,0.0004660199258793794,0.0036996300369963003,0.008324167583241676,,replicates,0.5476190476190477
P_defect_mean,True,-0.07210540580118271,-0.051755998752573966,-0.2108247819391557,-0.00678560456690553,-0.190780614037258,-0.12522523974976144,-0.017027092674039256,-0.26659551512986224,-0.15166997207363636,-0.05296283364772602,0.03956136237355387,-0.24924635234889525,-0.13010386932654644,9.999000099990002e-05,0.0002999700029997001,,replicates,-0.07142857142857144
genus_proxy,True,-0.3122352692877073,-0.2273074405768301,-0.10919603748006586,-0.2585971035919968,-0.11678302207123999,-0.36568671823819204,-0.2578204336119495,-0.16289660209885387,-0.05544759625497992,-0.30481891248953163,-0.21147154430672063,-0.17312172794714795,-0.05911881723895353,9.999000099990002e-05,0.0002999700029997001,,replicates,-0.7619047619047621
log_orig_n_faces,False,0.3347462388020743,0.2355397265485914,0.08819930737159141,0.28718668717427015,0.03070135792517014,0.28917573337226377,0.37913255095105414,0.02797804573344467,0.14693921423659262,0.2487212995120018,0.32470960386407954,-0.04676492765252188,0.10977476984430877,0.0018998100189981002,,0.0060793920607939205,,
