feature,generator,spearman,mean_feature,mean_MOS
dihedral_mean_deg,3dtopia,-0.23492538328313872,13.11138788036914,4.04118313605845
dihedral_mean_deg,consistent3d,0.03508000899723251,17.326382049020168,4.057904619433499
dihedral_mean_deg,dreamfusion,0.25656230798803514,9.64168378106798,4.155558195915926
dihedral_mean_deg,latentnerf,-0.3520455775677471,40.694193584358075,3.439126313653452
dihedral_mean_deg,magic3d,0.1954855497542173,12.069133508765471,4.932982041500812
dihedral_mean_deg,one2345++,-0.4312568171023919,8.48956911516924,6.678756217149939
dihedral_mean_deg,sjc,-0.05649560262692549,33.68514559780195,2.9604232405182964
dihedral_mean_deg,textmesh,0.25702785955290974,6.773775153292732,4.247224705522161
self_intersect_face_frac,3dtopia,-0.017364525635507253,6.875e-06,4.04118313605845
self_intersect_face_frac,consistent3d,-0.0192978243143954,0.0005509168077382106,4.057904619433499
self_intersect_face_frac,dreamfusion,-0.14324394168095184,9.569898442025e-05,4.155558195915926
self_intersect_face_frac,latentnerf,-0.30179742880797417,0.016328451553948107,3.439126313653452
self_intersect_face_frac,magic3d,0.019522649076144344,0.00015376939823303688,4.932982041500812
self_intersect_face_frac,one2345++,-0.2232766339800093,9.938100072509752e-05,6.678756217149939
self_intersect_face_frac,sjc,0.02882500484510491,0.010130933388954377,2.9604232405182964
self_intersect_face_frac,textmesh,-0.09494859318817343,2.126213462018625e-05,4.247224705522161
hidden_surface_frac,3dtopia,0.029342394833508756,0.06007468749999996,4.04118313605845
hidden_surface_frac,consistent3d,-0.029123278306855613,0.02566468749999996,4.057904619433499
hidden_surface_frac,dreamfusion,-0.0931725355201513,0.00012874999999999156,4.155558195915926
hidden_surface_frac,latentnerf,-0.14438017362477928,0.060709062499999945,3.439126313653452
hidden_surface_frac,magic3d,0.14851396941129025,0.0025018749999999885,4.932982041500812
hidden_surface_frac,one2345++,0.051901716423097224,0.004338437499999993,6.678756217149939
hidden_surface_frac,sjc,0.3080822102441257,0.07135093749999996,2.9604232405182964
hidden_surface_frac,textmesh,-0.1575484489167126,0.00041999999999999796,4.247224705522161
thin_frac_0.005,3dtopia,-0.10686084353976505,0.0007646875,4.04118313605845
thin_frac_0.005,consistent3d,-0.005826840494066782,0.0044040625,4.057904619433499
thin_frac_0.005,dreamfusion,-0.17297017179690813,0.0011671874999999998,4.155558195915926
thin_frac_0.005,latentnerf,-0.4785159641521999,0.044687500000000005,3.439126313653452
thin_frac_0.005,magic3d,0.07278304967094329,0.001165625,4.932982041500812
thin_frac_0.005,one2345++,-0.40587377154985194,0.039286875,6.678756217149939
thin_frac_0.005,sjc,-0.3126589019937622,0.034784999999999996,2.9604232405182964
thin_frac_0.005,textmesh,-0.13561545904939395,0.000441875,4.247224705522161
P_form_surface,3dtopia,-0.13931303027131808,0.2190553311656394,4.04118313605845
P_form_surface,consistent3d,-0.07733394282781705,0.2033297630936662,4.057904619433499
P_form_surface,dreamfusion,0.10027840872405583,0.19632054860077516,4.155558195915926
P_form_surface,latentnerf,-0.1664251948067059,0.24962054800433978,3.439126313653452
P_form_surface,magic3d,0.0792651127139646,0.24493200888484531,4.932982041500812
P_form_surface,one2345++,-0.2601282287709875,0.8777874240085017,6.678756217149939
P_form_surface,sjc,-0.15521384907371996,0.2761364994229507,2.9604232405182964
P_form_surface,textmesh,0.2547601347115682,0.21040867253888118,4.247224705522161
P_fused_incomplete,3dtopia,-0.3435566736019605,0.7150573827928612,4.04118313605845
P_fused_incomplete,consistent3d,-0.011526330526610933,0.6034827144253686,4.057904619433499
P_fused_incomplete,dreamfusion,0.03132422558362839,0.5996142509083576,4.155558195915926
P_fused_incomplete,latentnerf,0.16003353834989686,0.7785919714276214,3.439126313653452
P_fused_incomplete,magic3d,0.12049897007590023,0.5482591024048025,4.932982041500812
P_fused_incomplete,one2345++,-0.32350267645034575,0.8046011327996865,6.678756217149939
P_fused_incomplete,sjc,-0.10817872475681518,0.8293130289187151,2.9604232405182964
P_fused_incomplete,textmesh,0.19710813720966006,0.4303488240596721,4.247224705522161
P_extra_geometry,3dtopia,0.056719614566498704,0.018385548246583516,4.04118313605845
P_extra_geometry,consistent3d,-0.037479618733199556,0.05698576579581782,4.057904619433499
P_extra_geometry,dreamfusion,-0.12047384417129459,0.03228992818672989,4.155558195915926
P_extra_geometry,latentnerf,-0.20189446831280125,0.0484620177398986,3.439126313653452
P_extra_geometry,magic3d,-0.1945801985121002,0.019162316058420358,4.932982041500812
P_extra_geometry,one2345++,0.29378436749002534,0.0033183586748107875,6.678756217149939
P_extra_geometry,sjc,-0.16068102368810308,0.050275180594151245,2.9604232405182964
P_extra_geometry,textmesh,-0.21592461433432963,0.02110149125044451,4.247224705522161
P_defect_mean,3dtopia,-0.2904891588111291,0.317499420735028,4.04118313605845
P_defect_mean,consistent3d,-0.06594385387962183,0.28793274777161754,4.057904619433499
P_defect_mean,dreamfusion,-0.030029466939862685,0.2760749092319542,4.155558195915926
P_defect_mean,latentnerf,-0.011455945155651522,0.35889151239061995,3.439126313653452
P_defect_mean,magic3d,0.08479244319375073,0.2707844757826894,4.932982041500812
P_defect_mean,one2345++,-0.3126326255538863,0.5619023051609997,6.678756217149939
P_defect_mean,sjc,-0.22726933117907397,0.38524156964527234,2.9604232405182964
P_defect_mean,textmesh,0.20156675182141695,0.2206196626163326,4.247224705522161
genus_proxy,3dtopia,-0.11181422369107583,10.325,4.04118313605845
genus_proxy,consistent3d,-0.03039495128411512,9.16875,4.057904619433499
genus_proxy,dreamfusion,-0.09499132154845433,0.671875,4.155558195915926
genus_proxy,latentnerf,-0.3367801829594916,134.771875,3.439126313653452
genus_proxy,magic3d,0.06823231277870132,1.725,4.932982041500812
genus_proxy,one2345++,-0.2368544806540934,2.15625,6.678756217149939
genus_proxy,sjc,-0.03915442675592065,68.765625,2.9604232405182964
genus_proxy,textmesh,-0.051992182237764945,0.44375,4.247224705522161
